1072;-12237;640
1149;-10271;9866
23;-9803;9855
1067;-7195;9929
1020;-6969;875
1062;-6457;654
639;-5932;9809
1186;-5474;496
1184;-4972;9997
1016;-4836;9725
8;-4516;205
8;-4493;9870
1067;-4325;9930
1166;-4303;9848
1029;-4207;278
40;-4178;9859
1083;-4078;422
638;-3965;9967
1021;-3789;9892
1062;-3722;9917
1024;-3681;9969
1082;-3676;9930
14;-3615;664
33;-3575;9991
78;-3552;9925
640;-3520;9940
43;-3502;158
43;-3486;548
43;-3426;9910
1073;-3411;9918
81;-3396;9953
155;-3395;9931
1078;-3292;25
1051;-3267;9920
25;-3206;228
65;-3179;9975
42;-3177;847
1023;-3096;358
40;-3095;9991
72;-3094;9971
1063;-3071;9961
53;-3052;9991
1063;-3051;9997
28;-3035;9899
49;-3008;9933
1094;-2949;9975
156;-2915;9890
639;-2885;9842
119;-2834;103
1071;-2829;9985
29;-2825;9879
1098;-2799;9920
80;-2798;9882
640;-2791;335
9;-2781;9975
1083;-2750;9995
929;-2731;9994
18;-2706;9873
1057;-2704;9829
1024;-2679;9897
71;-2647;9945
22;-2582;226
1074;-2542;3
1052;-2529;9943
1003;-2515;9940
25;-2500;9951
76;-2414;9977
100;-2405;9987
167;-2370;9957
1173;-2364;9940
164;-2348;9979
33;-2287;169
12;-2240;9950
1081;-2221;9855
1027;-2214;9961
67;-2213;9939
79;-2204;161
161;-2191;9999
33;-2166;177
33;-2166;185
166;-2166;9990
1077;-2165;9967
1070;-2158;9913
8;-2136;9874
1078;-2112;9854
1012;-2108;9929
22;-2105;9956
33;-2093;9899
94;-2070;9934
1176;-2067;9967
1077;-2052;9999
114;-2048;9942
637;-2047;278
23;-2046;9856
1159;-2045;9999
164;-2036;152
78;-2032;9965
46;-2016;190
156;-2011;48
1079;-2010;20
1075;-1967;9999
1170;-1922;9984
1079;-1915;9964
1069;-1906;9896
974;-1896;9893
639;-1869;9811
83;-1868;9999
644;-1867;9999
36;-1856;9979
1072;-1842;9953
1180;-1820;9910
71;-1805;9953
114;-1800;101
36;-1793;167
28;-1783;9981
71;-1770;19
1167;-1766;9944
97;-1759;9971
108;-1753;9984
159;-1752;9857
154;-1748;9958
156;-1739;374
21;-1737;570
84;-1736;9981
14;-1716;9849
108;-1715;9894
77;-1705;9999
1019;-1701;9895
1080;-1682;9965
1098;-1670;787
1081;-1662;9975
1061;-1661;9949
78;-1659;22
56;-1653;9999
94;-1635;220
1089;-1628;9982
19;-1626;9857
46;-1621;927
955;-1592;9874
45;-1588;9997
81;-1585;9997
100;-1580;9983
79;-1565;107
1016;-1553;9808
6;-1547;9831
33;-1535;241
109;-1532;9967
832;-1527;9758
34;-1525;9942
325;-1522;305
94;-1515;309
100;-1499;9982
46;-1476;229
109;-1475;107
46;-1470;234
67;-1460;9988
162;-1448;9969
1079;-1446;9946
863;-1446;9868
1173;-1436;543
10;-1431;9895
79;-1419;248
1080;-1408;9940
78;-1401;9964
640;-1389;9915
641;-1386;9991
119;-1385;216
79;-1385;215
1187;-1384;9983
974;-1374;483
116;-1357;396
43;-1350;9965
66;-1342;9885
88;-1341;9986
94;-1325;321
1173;-1320;9949
64;-1305;9999
931;-1296;9987
79;-1290;223
1180;-1283;264
1074;-1283;9813
94;-1278;9932
1022;-1275;9963
79;-1268;207
157;-1267;9960
33;-1261;236
168;-1260;9868
1188;-1254;9999
79;-1244;255
830;-1243;9899
152;-1243;9862
38;-1238;9985
94;-1235;246
67;-1231;9889
1082;-1223;9965
88;-1220;9987
14;-1214;9845
1019;-1209;9870
1081;-1209;454
114;-1207;9944
31;-1204;9981
80;-1196;26
94;-1196;278
937;-1178;9997
1021;-1176;9988
116;-1175;48
1063;-1174;75
1074;-1165;9973
79;-1165;259
83;-1163;1087
102;-1148;338
116;-1143;42
1184;-1140;42
83;-1139;1078
94;-1138;343
10;-1137;489
1175;-1137;8
80;-1132;9962
119;-1124;226
40;-1122;653
116;-1117;9940
1203;-1109;9992
94;-1106;332
25;-1102;9886
119;-1100;168
870;-1093;9855
830;-1087;9896
95;-1087;401
162;-1087;9995
78;-1086;9920
116;-1085;389
79;-1082;118
1081;-1075;9995
74;-1074;9904
1030;-1071;9856
1168;-1070;277
114;-1068;73
94;-1064;288
116;-1057;9936
116;-1056;39
116;-1056;408
1022;-1055;9968
1002;-1049;9800
1168;-1047;49
32;-1046;277
29;-1045;693
1082;-1044;9964
1061;-1043;9862
1095;-1033;9928
94;-1033;354
78;-1029;9989
79;-1028;253
1031;-1026;73
94;-1019;208
10;-1016;9990
1149;-1015;9871
12;-1010;9944
94;-1007;365
909;-1004;51
827;-999;9999
152;-999;217
32;-997;9935
85;-996;9903
46;-995;9942
31;-993;9980
74;-986;9
10;-985;9890
55;-984;9992
116;-984;402
1185;-982;9954
87;-982;9992
1173;-981;263
48;-981;998
1037;-976;24
1184;-971;9989
1143;-968;9991
119;-967;256
39;-967;984
64;-966;797
1176;-965;151
1083;-964;9864
117;-959;3
151;-952;9991
114;-939;9980
75;-938;9981
824;-937;9921
824;-937;0
831;-930;9934
97;-928;9973
119;-928;46
1024;-926;9962
94;-925;9933
21;-921;9985
1061;-921;506
1174;-920;249
52;-902;9933
69;-900;981
119;-900;35
55;-896;714
237;-896;9986
10;-896;9898
1181;-895;9979
52;-894;9896
1062;-879;706
117;-877;5
119;-876;177
71;-874;9946
119;-874;236
1079;-870;9961
159;-868;9804
119;-867;246
36;-865;9933
643;-864;9999
934;-862;166
1081;-861;9994
47;-860;66
1026;-860;9862
71;-853;9952
32;-849;592
80;-849;9999
910;-849;9920
117;-848;9987
119;-848;318
95;-846;9937
109;-846;10
158;-846;9908
11;-844;9763
79;-844;240
119;-840;186
1067;-837;9939
12;-834;9897
52;-832;9888
82;-832;186
74;-831;9977
976;-830;9959
166;-829;9843
1072;-828;9933
52;-827;745
94;-825;257
119;-822;408
1184;-819;9988
237;-819;9885
1063;-815;33
995;-806;9890
1035;-803;9865
630;-800;9904
239;-798;9976
1066;-797;9832
119;-795;141
96;-792;329
1022;-791;9893
1019;-788;365
974;-787;289
976;-784;9956
94;-783;268
160;-781;9997
10;-774;402
12;-772;673
1181;-771;497
77;-770;116
72;-761;9881
1188;-758;266
11;-756;9766
1112;-756;439
638;-755;185
72;-755;9978
48;-755;1087
1072;-754;0
109;-754;41
119;-754;93
1188;-753;601
831;-749;762
12;-749;70
83;-747;1235
1067;-745;9986
1067;-745;0
1089;-744;270
25;-743;9924
24;-742;9872
909;-742;836
25;-739;764
109;-737;65
1007;-730;9978
238;-729;9997
630;-729;618
81;-729;9989
39;-729;996
39;-729;973
1022;-728;9895
79;-728;235
7;-726;937
645;-726;9886
109;-726;15
1181;-724;556
29;-724;9983
74;-724;91
78;-721;535
1184;-717;9968
1084;-716;9965
77;-713;9993
1059;-713;9977
32;-712;9934
94;-712;234
200;-711;9996
1023;-710;9860
156;-710;9780
116;-707;9994
109;-705;152
108;-704;9970
909;-702;20
119;-701;23
117;-699;1
1098;-698;501
109;-698;6
12;-698;622
52;-697;436
67;-695;250
12;-694;9893
83;-694;1244
909;-693;170
31;-692;92
1030;-690;9836
10;-690;61
78;-687;488
78;-686;226
1067;-686;360
108;-686;157
34;-685;771
1015;-685;9953
12;-685;434
37;-683;131
238;-683;76
114;-682;349
638;-681;392
85;-681;9876
78;-680;531
1015;-680;56
88;-680;534
237;-679;362
10;-679;362
119;-677;195
94;-677;376
68;-672;91
12;-672;256
85;-668;0
109;-668;69
1019;-667;436
1069;-665;9837
96;-665;9947
12;-665;9954
119;-664;418
1074;-663;82
1013;-662;367
1063;-662;9959
47;-658;29
159;-657;9854
11;-657;796
972;-655;9897
97;-655;9897
67;-654;9977
929;-652;763
164;-652;369
78;-652;461
1081;-651;213
161;-651;348
10;-651;380
1019;-650;9893
1039;-650;332
955;-648;237
74;-647;189
10;-646;38
1006;-643;9979
12;-639;695
1015;-639;51
1029;-639;170
108;-638;267
109;-638;3
1185;-636;24
1170;-636;9933
95;-636;721
109;-636;37
114;-636;0
1084;-635;9963
926;-635;292
1013;-632;50
1027;-630;274
10;-630;426
188;-629;9996
109;-628;60
119;-627;307
78;-626;445
1181;-625;469
1173;-625;9936
1019;-624;916
1024;-622;9894
109;-622;54
1105;-620;301
117;-620;478
909;-617;729
10;-614;1037
77;-613;169
94;-612;299
57;-611;9981
23;-609;794
100;-609;282
109;-609;57
37;-608;505
644;-608;9996
31;-608;50
32;-606;9963
830;-606;105
643;-605;9833
1102;-605;336
909;-605;680
81;-604;190
10;-604;9712
1015;-602;87
151;-601;279
21;-601;9805
1030;-600;419
1034;-600;34
64;-599;820
167;-599;326
32;-598;9972
70;-598;224
72;-597;186
237;-596;183
168;-595;454
1166;-593;1601
154;-593;211
84;-592;499
239;-592;192
161;-592;9998
67;-592;9999
80;-592;0
37;-591;9978
1019;-591;844
47;-591;125
1186;-591;647
23;-591;40
1034;-591;307
49;-591;59
82;-590;218
82;-590;385
1010;-585;9985
65;-585;104
72;-582;14
96;-581;357
920;-581;118
976;-579;332
1191;-579;9847
1029;-579;203
1173;-578;439
830;-578;127
1184;-576;9999
162;-576;606
109;-576;114
94;-575;98
25;-574;9807
1208;-570;9978
75;-570;117
81;-570;461
1010;-569;267
1170;-569;323
21;-568;627
80;-568;394
24;-567;815
156;-567;422
1004;-566;9992
21;-566;9990
34;-565;9938
22;-565;9954
1173;-565;116
1152;-565;878
1167;-565;99998
10;-564;17
24;-563;242
1015;-562;73
40;-562;794
42;-561;943
1167;-561;531
80;-561;9977
1187;-560;97
1180;-560;253
168;-560;717
82;-560;9881
34;-560;451
638;-559;9975
1168;-558;214
12;-557;329
1067;-556;354
94;-556;109
1023;-554;504
94;-554;9931
109;-554;73
38;-554;923
909;-551;1
21;-550;402
1181;-549;160
29;-549;69
1094;-549;565
100;-549;251
1015;-548;360
1083;-548;1413
863;-548;36
18;-548;9972
109;-548;20
1002;-547;9805
831;-547;342
116;-546;61
7;-545;9810
12;-544;306
643;-541;688
66;-540;9877
108;-539;453
34;-539;575
36;-538;192
1013;-538;84
71;-538;157
9;-537;29
1010;-537;23
19;-537;794
48;-537;1052
10;-537;940
832;-536;9984
82;-536;467
44;-535;9994
78;-535;527
43;-535;67
1082;-534;9973
919;-534;9958
909;-534;220
9;-533;89
1184;-533;215
1023;-533;80
1031;-533;9923
1181;-532;371
66;-532;157
9;-531;512
25;-531;280
1084;-531;9962
1069;-531;7
1168;-531;2
81;-531;828
928;-531;579
1013;-530;9962
1083;-530;296
1034;-530;342
31;-530;3
48;-530;987
50;-530;189
100;-530;92
21;-530;127
100;-523;268
1170;-522;9934
75;-522;92
10;-522;87
924;-521;281
34;-520;965
1191;-518;336
109;-518;2
109;-518;117
109;-518;76
43;-517;9964
1010;-517;297
25;-517;304
12;-517;302
1029;-516;503
64;-516;546
87;-515;250
37;-514;106
157;-514;467
1175;-512;9962
1057;-512;9939
1168;-511;320
1034;-511;53
36;-511;9877
10;-511;451
96;-510;451
1176;-509;10
24;-509;608
21;-509;9804
88;-509;232
72;-508;218
67;-508;123
1187;-506;645
25;-506;791
15;-506;617
1089;-505;196
1083;-505;9994
1039;-505;379
116;-505;95
14;-505;527
1089;-504;404
21;-504;105
1013;-503;95
1043;-503;620
88;-503;272
87;-502;182
47;-501;6
645;-501;509
23;-501;308
824;-501;273
1167;-501;1266
237;-501;9882
74;-501;618
239;-501;473
80;-500;1091
1013;-500;304
1022;-500;589
7;-500;43
1039;-500;106
1030;-500;187
98;-500;453
109;-500;33
98;-500;125
10;-500;409
83;-498;1009
96;-495;375
12;-494;283
19;-494;9856
928;-494;9983
1069;-492;399
1064;-489;9964
29;-489;83
1030;-489;9837
116;-489;122
18;-489;9857
1093;-488;276
976;-487;42
1067;-487;9
109;-487;90
98;-487;116
12;-487;279
1180;-486;536
644;-486;114
1093;-486;515
109;-486;1
11;-486;310
77;-485;497
1177;-485;395
11;-485;9907
236;-483;155
237;-483;168
240;-483;157
97;-483;33
937;-483;176
42;-482;700
100;-481;627
24;-480;106
1171;-480;473
79;-480;9992
82;-480;9925
77;-479;560
239;-479;157
1010;-478;275
25;-478;36
1102;-478;511
164;-478;48
152;-478;253
1187;-477;190
15;-477;462
23;-477;374
80;-477;140
12;-477;23
7;-476;716
239;-476;437
239;-476;226
1006;-475;324
32;-475;325
830;-475;47
55;-475;958
909;-475;869
1034;-474;325
66;-474;10
937;-474;205
15;-474;274
1010;-473;76
1082;-473;63
1039;-473;48
10;-473;360
12;-473;691
1015;-472;134
44;-472;563
640;-472;9904
976;-472;290
25;-472;344
1134;-472;9988
74;-472;614
157;-472;397
920;-472;572
15;-471;787
1084;-471;371
72;-471;410
154;-471;9960
80;-471;373
1006;-470;51
12;-470;649
23;-470;9849
80;-470;352
82;-470;70
14;-468;502
45;-467;1092
66;-467;340
52;-466;427
119;-465;81
116;-463;58
109;-463;29
12;-463;45
29;-461;642
638;-460;150
863;-459;443
824;-459;485
68;-459;115
863;-458;4
18;-458;317
1167;-458;247
643;-457;33
10;-457;69
83;-457;998
1173;-457;293
70;-457;77
49;-457;394
114;-457;9986
67;-457;1046
39;-457;1048
1177;-456;494
1077;-455;363
1166;-455;1461
100;-455;43
1170;-453;9982
1180;-453;18
12;-453;325
108;-452;202
29;-451;428
57;-451;566
78;-450;173
1081;-450;38
909;-450;355
1187;-449;446
29;-448;155
50;-448;204
100;-448;191
83;-447;987
1081;-447;505
164;-447;430
21;-447;241
10;-447;200
1181;-446;248
15;-446;250
1040;-445;322
238;-445;99998
238;-445;137
168;-445;414
88;-445;213
88;-445;257
36;-444;272
1184;-444;279
15;-444;1131
74;-444;9910
100;-444;425
937;-444;911
924;-443;734
1028;-443;303
1070;-443;1403
236;-443;383
21;-443;252
12;-443;409
47;-442;9972
1010;-442;90
9;-442;571
47;-442;99
44;-442;830
1093;-442;3
974;-442;13
1077;-442;322
1167;-442;227
70;-442;446
236;-442;277
238;-442;149
67;-442;135
151;-442;683
920;-442;223
14;-441;706
1083;-441;621
1072;-441;599
1061;-441;422
78;-440;506
1019;-440;548
1039;-440;9941
1057;-440;111
162;-440;280
10;-440;988
909;-439;527
167;-438;615
72;-436;356
909;-435;246
929;-434;374
1031;-433;9997
10;-432;599
10;-430;320
1024;-429;97
6;-429;17
8;-429;712
1175;-429;244
10;-429;9982
37;-429;9888
42;-428;882
10;-428;1116
955;-428;283
1170;-428;364
1067;-428;468
94;-428;9929
64;-428;247
168;-428;336
36;-427;225
1186;-427;450
1176;-427;239
1024;-427;885
31;-427;197
109;-427;148
1006;-426;69
10;-426;424
1084;-426;503
109;-426;44
34;-426;306
921;-426;86
921;-426;476
68;-425;24
159;-425;393
10;-424;1
1015;-423;9947
43;-423;26
109;-423;51
66;-423;122
1084;-422;495
1173;-422;520
87;-422;9986
12;-421;709
24;-420;64
25;-420;520
96;-420;366
164;-420;1
14;-420;595
1020;-419;816
15;-419;1040
56;-419;99
158;-419;210
15;-419;641
1177;-418;926
29;-418;28
78;-418;190
39;-418;1190
1010;-417;348
1187;-417;51
1093;-417;386
83;-417;1037
24;-417;128
158;-417;9886
238;-417;72
159;-417;160
1175;-416;33
1073;-416;9912
160;-416;474
78;-416;9988
937;-416;939
920;-416;71
920;-416;275
1067;-415;402
68;-415;1168
78;-414;520
1078;-414;110
909;-414;502
1177;-413;974
1187;-413;13
1082;-413;439
24;-413;119
23;-413;524
1173;-413;404
69;-413;256
49;-413;186
238;-413;64
104;-412;239
24;-412;760
825;-412;428
1171;-412;330
236;-412;365
82;-412;22
167;-412;289
1013;-411;322
1176;-411;30
1098;-411;9897
1070;-411;1483
237;-411;82
240;-411;551
34;-411;23
924;-411;9994
925;-411;828
7;-410;456
1177;-410;1068
32;-410;446
24;-410;9783
236;-410;245
81;-410;781
157;-410;9926
21;-410;193
1083;-409;661
109;-409;48
15;-409;9863
10;-407;14
70;-407;401
909;-405;195
44;-404;784
1021;-402;803
76;-402;674
1093;-401;231
95;-401;505
160;-400;208
119;-400;113
1098;-399;411
87;-399;451
31;-399;26
830;-399;241
69;-399;544
96;-399;338
12;-399;386
1185;-398;5
19;-398;40
1068;-398;391
236;-398;16
109;-398;24
78;-397;60
1174;-397;42
1015;-397;345
1039;-397;422
119;-397;387
150;-397;698
1020;-396;93
75;-396;9978
1181;-395;128
10;-395;550
71;-395;62
67;-395;9937
909;-395;561
1174;-394;423
67;-394;500
48;-394;1037
167;-394;654
45;-392;1061
1102;-392;1
1067;-392;368
69;-392;620
14;-392;355
83;-391;1067
72;-391;67
67;-391;9938
7;-390;892
22;-390;339
1150;-389;1033
43;-388;9908
1181;-388;61
1030;-388;253
119;-388;68
1098;-387;361
49;-387;145
117;-387;9923
66;-387;9880
33;-386;193
47;-386;149
10;-386;1002
10;-386;126
1102;-386;373
1077;-386;372
235;-386;374
78;-386;487
928;-386;99
1010;-385;59
32;-385;320
1191;-385;19
72;-385;336
11;-385;456
34;-384;986
47;-384;379
974;-384;311
24;-384;185
24;-384;122
32;-384;24
21;-384;330
1067;-384;113
1030;-384;165
88;-384;56
12;-383;260
1020;-383;35
1171;-383;146
88;-383;247
1027;-382;95
7;-382;674
1084;-382;510
974;-382;509
32;-382;53
25;-382;856
21;-382;499
68;-382;1463
71;-382;9975
235;-382;366
235;-382;755
240;-382;892
57;-382;589
80;-382;270
931;-382;424
637;-381;818
638;-381;88
84;-381;1324
32;-381;407
68;-381;48
43;-380;578
34;-380;722
12;-380;626
83;-380;1193
1089;-380;11
1074;-380;9811
29;-380;523
1067;-380;384
1066;-380;80
50;-380;499
57;-380;9980
152;-380;9899
158;-380;416
80;-380;162
10;-379;509
974;-379;34
21;-379;727
1024;-378;9895
974;-378;225
238;-378;99999
78;-376;216
100;-375;27
1016;-374;103
7;-374;178
12;-373;645
974;-372;59
157;-371;362
914;-371;13
1175;-369;496
100;-369;165
95;-369;74
164;-369;88
88;-369;486
156;-369;288
915;-369;945
14;-368;718
1078;-368;270
1006;-367;306
1015;-367;9950
1174;-367;558
830;-367;9865
119;-367;265
96;-367;320
921;-367;68
1081;-366;18
37;-365;15
11;-365;63
32;-365;426
31;-365;117
1081;-365;194
100;-365;597
71;-365;60
937;-365;879
35;-364;29
10;-364;1052
15;-364;648
1061;-364;1008
95;-364;439
75;-363;50
941;-363;180
915;-363;696
47;-362;530
19;-362;524
1171;-362;112
240;-362;182
1024;-361;45
100;-361;667
117;-361;438
1006;-360;85
1084;-360;416
1059;-360;67
65;-360;13
85;-359;327
25;-359;371
72;-359;383
1023;-358;564
83;-358;1167
29;-358;345
22;-358;9760
824;-358;234
49;-358;317
88;-358;329
39;-358;1033
10;-358;771
8;-357;813
42;-357;725
1181;-357;188
72;-357;327
1029;-357;137
152;-357;635
79;-357;244
6;-356;557
84;-356;9999
1102;-356;29
29;-356;732
825;-356;467
1059;-356;1001
1040;-356;111
50;-356;226
239;-356;280
88;-356;298
29;-355;387
1084;-355;9967
1074;-355;724
826;-355;571
71;-355;145
1034;-355;272
935;-355;452
157;-355;9959
920;-355;97
639;-354;17
1098;-354;876
826;-354;9949
1051;-354;85
920;-354;521
909;-354;704
32;-353;111
1168;-353;480
1027;-353;9965
71;-353;72
908;-353;251
638;-352;171
638;-352;365
1188;-352;424
12;-352;602
85;-352;573
925;-352;261
7;-351;142
1093;-351;492
29;-351;483
22;-351;563
49;-351;9907
100;-351;579
159;-351;181
152;-351;9966
924;-351;588
75;-350;937
1013;-350;68
1026;-350;1032
6;-350;610
1176;-350;9961
24;-350;275
824;-350;542
49;-350;5
237;-350;339
65;-350;9974
921;-350;459
1022;-346;229
644;-345;537
66;-345;267
1020;-344;9820
8;-343;174
1024;-343;405
166;-343;667
863;-342;89
65;-342;38
1098;-341;434
1062;-340;18
38;-339;5
14;-339;685
1162;-339;229
827;-339;39
1057;-339;539
64;-339;514
75;-338;819
44;-338;704
1020;-338;9791
29;-338;36
1170;-338;314
23;-338;151
22;-338;78
1167;-338;99999
1066;-338;9829
237;-338;9883
96;-338;386
44;-337;9995
109;-337;84
80;-337;228
80;-337;13
910;-337;373
910;-337;952
638;-336;376
1082;-336;395
71;-336;386
50;-336;477
96;-336;82
934;-336;66
15;-336;593
8;-335;87
7;-335;985
643;-335;242
10;-335;709
22;-335;413
100;-335;390
109;-335;9999
108;-335;498
78;-335;166
1098;-334;487
827;-334;774
1181;-333;97
1187;-332;308
10;-332;656
976;-332;4
100;-332;177
80;-332;331
39;-332;1205
47;-331;209
85;-331;336
1057;-331;874
1057;-331;198
98;-331;227
81;-331;804
36;-330;834
863;-330;393
28;-330;24
827;-330;626
75;-330;26
57;-330;785
160;-330;48
934;-330;47
638;-329;9990
67;-329;9936
168;-329;706
164;-329;391
6;-328;74
1176;-328;260
1167;-328;1328
6;-327;9829
1184;-327;9971
1167;-327;1252
1167;-327;9943
832;-327;530
1173;-327;189
1039;-327;93
239;-327;5
159;-327;38
1187;-326;146
639;-326;174
637;-326;560
23;-326;9850
1170;-326;355
1171;-326;398
53;-326;343
236;-326;416
240;-326;9976
239;-326;346
934;-326;222
14;-326;220
922;-326;80
77;-325;12
75;-325;693
78;-325;499
80;-325;81
1184;-325;455
831;-325;9933
1067;-325;436
1039;-325;369
70;-325;218
154;-325;400
14;-325;626
6;-324;347
1022;-324;559
85;-324;21
29;-324;754
1065;-324;104
830;-324;9868
76;-324;916
116;-324;118
96;-324;73
64;-324;231
79;-324;257
166;-324;302
47;-323;458
1023;-323;21
638;-323;167
29;-323;164
1167;-323;1259
1031;-323;1475
1061;-323;77
1055;-323;338
1051;-323;274
1029;-323;568
237;-323;345
96;-323;101
56;-323;290
67;-323;9996
926;-323;34
80;-322;432
34;-322;1108
85;-322;318
25;-322;20
1170;-322;437
1055;-322;8
926;-322;64
916;-322;1046
47;-321;405
1186;-321;101
1173;-321;150
1040;-321;195
95;-321;354
64;-321;578
43;-320;249
77;-320;440
34;-320;1004
1020;-320;9789
25;-320;9925
25;-320;577
826;-320;138
1034;-320;70
1031;-320;27
1057;-320;597
14;-320;246
21;-320;118
18;-320;199
909;-320;9990
35;-317;198
1040;-317;9834
162;-317;647
164;-317;9978
18;-316;234
87;-316;9988
10;-315;376
168;-315;9864
1089;-313;253
69;-313;993
100;-313;372
56;-313;177
14;-313;9998
1175;-312;9961
1019;-310;64
8;-310;241
32;-310;269
50;-310;216
14;-310;85
37;-309;253
1186;-309;403
643;-309;316
645;-309;9885
1185;-309;9894
10;-309;954
1162;-309;283
1077;-309;313
100;-309;439
109;-309;46
8;-308;135
1188;-308;9991
1019;-308;489
831;-308;9912
97;-308;378
95;-308;140
39;-308;1103
1188;-307;9989
1187;-307;355
14;-307;321
832;-307;42
827;-307;847
69;-307;578
100;-307;79
108;-307;9947
1089;-306;73
1068;-306;158
1057;-306;52
31;-306;486
935;-306;80
926;-306;322
14;-306;20
11;-305;706
1094;-305;583
1070;-305;1622
48;-305;9977
168;-305;9865
12;-305;9949
14;-305;117
915;-305;367
908;-305;554
80;-304;9881
34;-304;942
1019;-304;9894
1098;-304;462
1015;-304;328
21;-304;9987
1173;-304;9944
1065;-304;96
1073;-304;88
161;-304;152
12;-304;720
15;-303;991
200;-303;222
117;-303;232
66;-303;9884
937;-303;418
15;-303;685
71;-301;133
53;-301;278
66;-301;299
34;-300;762
1020;-300;789
1093;-300;110
240;-300;212
88;-300;224
161;-300;132
1027;-299;66
10;-299;145
1061;-299;562
52;-299;9932
78;-299;9986
909;-299;9986
1024;-298;144
19;-298;374
1031;-298;21
69;-298;1162
238;-298;288
159;-298;246
36;-298;384
1093;-297;19
826;-297;517
1030;-297;275
1030;-297;62
53;-297;93
236;-297;173
934;-297;418
158;-297;456
36;-296;788
7;-296;407
645;-296;32
1094;-296;9974
974;-296;9890
1065;-296;357
1065;-296;114
830;-296;118
72;-296;437
1057;-296;9949
238;-296;320
156;-296;46
78;-295;513
29;-295;125
22;-295;9838
1077;-295;354
52;-295;416
98;-295;449
14;-295;9995
6;-294;9824
1184;-294;2
1051;-294;9917
1029;-294;320
928;-294;9
12;-294;668
925;-294;1019
12;-293;237
24;-293;720
1153;-293;9
1066;-293;39
1174;-293;9971
1067;-293;9927
52;-293;861
80;-293;183
80;-293;415
164;-293;207
35;-292;218
7;-292;9801
637;-292;9788
21;-292;464
1039;-292;9940
1061;-292;518
52;-292;871
81;-292;9952
161;-292;328
928;-292;372
157;-292;379
158;-292;246
925;-292;1066
47;-291;319
1013;-291;340
5;-291;218
1188;-291;451
15;-291;9785
15;-291;704
1015;-291;9952
1020;-291;577
1102;-291;9876
1170;-291;464
1077;-291;9996
49;-291;9913
157;-291;449
164;-291;472
1024;-290;821
85;-290;12
22;-290;123
1174;-290;180
1079;-290;97
1071;-290;59
826;-290;466
827;-290;199
68;-290;1
72;-290;36
52;-290;342
108;-290;394
108;-290;426
909;-290;9996
14;-289;354
1093;-287;9968
909;-287;324
1176;-286;9966
825;-286;141
18;-285;55
37;-283;191
1167;-283;9938
96;-283;9939
87;-282;9989
1006;-281;290
18;-281;337
1022;-280;9966
638;-280;9965
29;-280;10
155;-280;1097
21;-280;9801
925;-280;284
637;-279;18
1034;-279;291
95;-279;414
96;-279;9937
941;-279;422
14;-279;755
23;-278;163
1162;-278;9989
1081;-278;2
1067;-278;127
1167;-278;9942
1057;-278;9947
117;-278;237
645;-277;8
15;-277;9793
1093;-277;9978
1167;-277;513
1040;-277;224
50;-277;488
98;-277;223
15;-277;9850
909;-277;9992
1177;-276;9952
1093;-276;9972
1095;-276;107
1191;-276;48
19;-276;9850
827;-276;683
1171;-276;228
1030;-276;19
114;-276;9985
915;-276;416
77;-275;231
1177;-275;60
638;-275;9966
644;-275;9791
1176;-275;9964
21;-275;878
100;-275;322
82;-275;502
39;-275;945
930;-275;108
158;-275;589
11;-275;9908
1181;-274;7
14;-274;341
1093;-274;250
87;-274;127
23;-274;627
1039;-274;392
1059;-274;550
88;-274;529
240;-273;491
154;-273;9926
1013;-272;356
7;-272;358
1177;-272;91
12;-272;524
22;-272;890
65;-272;129
926;-272;352
10;-271;1089
1098;-271;869
1153;-271;91
1077;-271;1360
95;-271;717
88;-271;512
96;-271;9930
15;-271;9847
1181;-270;406
1010;-270;41
1015;-270;57
1015;-270;311
23;-270;71
1079;-270;14
1071;-270;19
235;-270;9994
22;-270;502
64;-270;215
28;-269;361
1040;-269;261
925;-269;358
644;-268;356
1067;-268;9928
1034;-268;9999
236;-268;322
95;-268;706
44;-267;972
24;-267;221
24;-267;9778
1171;-267;2
235;-267;763
162;-267;451
39;-267;1165
15;-267;573
15;-267;228
21;-267;145
14;-267;680
34;-266;744
974;-266;82
6;-266;407
7;-266;318
1184;-266;537
84;-266;484
85;-266;5
32;-266;131
22;-266;714
1065;-266;122
95;-266;6
117;-266;395
909;-266;9998
78;-265;241
6;-265;831
644;-265;327
645;-265;542
1185;-265;355
1024;-265;372
1021;-265;161
22;-265;766
1168;-265;101
1039;-265;314
1051;-265;568
69;-265;278
95;-265;9901
11;-265;430
78;-264;248
1173;-264;479
6;-264;497
15;-264;61
32;-264;92
23;-264;581
1095;-264;9905
236;-264;350
825;-264;177
1040;-264;9815
118;-264;259
78;-264;437
1187;-263;9981
87;-263;9970
87;-263;23
1102;-263;165
21;-263;1024
1067;-263;49
1074;-263;9972
238;-263;39
117;-263;384
155;-263;1048
76;-263;963
166;-263;9966
645;-262;66
955;-262;630
1010;-262;3
1024;-262;919
1003;-262;9937
85;-262;9902
32;-262;296
24;-262;12
827;-262;810
1065;-262;34
1065;-262;418
1057;-262;733
96;-262;213
161;-262;306
1024;-261;340
7;-261;820
9;-261;9974
1095;-261;401
1022;-261;258
84;-261;400
84;-261;169
1073;-261;44
1065;-261;373
1057;-261;223
66;-261;88
38;-260;335
7;-260;9807
5;-260;549
87;-260;78
28;-260;75
1051;-260;546
1061;-260;9864
49;-260;372
237;-260;53
158;-260;9907
18;-256;582
21;-256;675
35;-255;34
1167;-255;432
95;-255;496
64;-254;530
82;-254;9879
1027;-253;233
96;-253;9928
47;-252;9997
77;-252;9995
75;-252;616
1021;-252;9987
47;-252;9991
44;-252;807
47;-252;9998
1089;-252;9975
83;-252;9931
85;-252;9901
28;-252;9896
1089;-252;9979
29;-252;9875
824;-252;9922
1168;-252;9879
1051;-252;9919
49;-252;9926
94;-252;9930
56;-252;9995
79;-252;112
937;-252;143
77;-251;9996
36;-251;9936
8;-251;9871
8;-251;9868
47;-251;9995
1176;-251;9963
1185;-251;9895
1098;-251;9900
1024;-251;9965
955;-251;9875
1022;-251;9967
83;-251;9933
29;-251;9870
1102;-251;9875
29;-251;9872
29;-251;9876
1168;-251;9880
1074;-251;405
1057;-251;9827
95;-251;427
108;-251;9968
116;-251;9939
116;-251;9937
96;-251;9936
56;-251;9996
156;-251;9952
80;-251;9984
39;-251;9981
34;-251;9991
35;-250;9
36;-250;9934
47;-250;9994
15;-250;9784
1084;-250;9964
32;-250;9961
830;-250;17
1167;-250;9939
1040;-250;9824
49;-250;9932
117;-250;9912
96;-250;119
94;-250;9926
80;-250;9998
80;-250;9983
10;-250;894
1022;-249;286
644;-249;9796
87;-249;9991
21;-249;9989
825;-249;9871
1067;-249;9926
1059;-249;9971
67;-249;347
116;-249;185
112;-249;338
7;-248;782
637;-248;9786
1188;-248;9985
1012;-248;876
1023;-248;9983
1149;-248;1022
1057;-248;9943
1040;-248;8
49;-248;9916
237;-248;9884
119;-248;150
10;-248;9893
976;-247;9957
1188;-247;9988
10;-247;474
83;-247;9927
83;-247;9926
24;-247;9781
29;-247;9878
1095;-247;9919
1102;-247;9871
863;-247;9867
1191;-247;9845
1170;-247;9983
25;-247;9810
19;-247;9855
22;-247;9765
1070;-247;1059
826;-247;9951
1077;-247;9965
1057;-247;478
52;-247;9894
237;-247;368
118;-247;9901
96;-247;9938
64;-247;263
82;-247;9880
34;-247;348
39;-247;9985
39;-247;9984
154;-247;84
39;-247;9986
10;-247;9894
21;-247;9898
10;-247;9892
10;-247;458
11;-247;9910
922;-247;103
916;-247;1082
45;-246;9957
77;-246;9998
1006;-246;33
974;-246;9883
8;-246;278
43;-246;9909
1186;-246;9970
1184;-246;9998
643;-246;9996
1188;-246;413
1176;-246;9965
1102;-246;207
1021;-246;15
1095;-246;9920
1093;-246;9977
21;-246;9988
22;-246;9762
826;-246;9953
1067;-246;9924
49;-246;9912
100;-246;306
95;-246;9932
87;-246;9987
96;-246;9925
96;-246;64
56;-246;9992
14;-246;9997
12;-246;9952
909;-246;9997
909;-246;9991
909;-246;9985
1188;-245;218
1186;-245;539
644;-245;54
1095;-245;9899
19;-245;252
1057;-245;359
100;-245;651
95;-245;9923
96;-245;9944
157;-245;128
84;-244;199
825;-244;393
49;-244;91
1020;-243;9821
44;-243;729
643;-243;9998
15;-243;9790
14;-243;298
995;-243;464
1079;-243;9963
108;-243;421
64;-243;169
7;-242;93
644;-242;989
56;-242;9998
75;-241;841
6;-241;9830
7;-241;748
47;-241;290
1187;-241;537
10;-241;9995
15;-241;9792
955;-241;9876
18;-240;365
1065;-240;80
1061;-240;899
1030;-240;9850
100;-240;314
42;-239;57
1102;-239;71
1065;-239;287
920;-239;487
1080;-238;347
637;-238;76
1188;-238;432
1095;-238;9907
972;-238;876
94;-238;34
97;-238;9927
162;-238;80
57;-238;610
915;-238;9909
15;-237;508
18;-237;9870
1079;-237;112
1029;-237;536
94;-237;120
15;-237;532
37;-236;609
955;-236;9878
14;-236;99999
1095;-236;9913
1013;-236;31
1066;-236;9831
934;-236;437
909;-236;388
7;-235;856
641;-235;245
1006;-235;341
1027;-235;332
1167;-235;99997
1040;-235;50
52;-235;814
168;-235;9866
19;-235;58
14;-235;653
78;-234;259
14;-234;99998
28;-234;703
930;-234;737
1134;-234;261
1180;-234;9854
21;-234;953
1072;-234;62
826;-234;297
1061;-234;477
69;-234;9970
69;-234;1015
1055;-234;887
159;-234;9802
159;-234;9801
108;-234;399
96;-234;15
36;-234;9902
11;-234;899
1010;-233;9984
1184;-233;410
1176;-233;223
1093;-233;9973
1084;-233;330
1173;-233;44
1078;-233;612
1073;-233;9915
1029;-233;237
1059;-233;9896
1057;-233;785
240;-233;829
100;-233;510
159;-233;414
166;-233;261
935;-233;26
1186;-232;192
1102;-232;554
1084;-232;432
955;-232;652
84;-232;1298
21;-232;999
1171;-232;39
1077;-232;1291
1037;-232;386
75;-232;613
1061;-232;9947
53;-232;3
88;-232;496
96;-232;397
67;-232;52
159;-232;371
1002;-231;87
644;-231;9790
12;-231;49
1095;-231;384
1020;-231;526
1019;-231;9871
29;-231;123
28;-231;12
19;-231;732
1171;-231;9894
1065;-231;294
1065;-231;59
74;-231;303
1040;-231;89
1062;-231;56
52;-231;386
240;-231;776
240;-231;800
56;-231;66
158;-231;35
150;-231;326
930;-231;354
157;-231;643
7;-230;623
637;-230;335
1176;-230;51
15;-230;213
85;-230;311
1095;-230;9898
21;-230;86
22;-230;66
236;-230;122
1077;-230;9998
826;-230;270
69;-230;599
76;-230;317
100;-230;296
114;-230;272
96;-230;348
56;-230;6
57;-230;832
39;-230;1020
156;-230;190
1188;-229;207
100;-229;234
100;-228;73
23;-227;9854
1174;-227;9972
119;-227;57
35;-226;13
1057;-226;425
1062;-226;405
96;-226;301
15;-226;706
35;-225;194
644;-225;839
1077;-225;331
42;-224;967
639;-224;9808
637;-224;500
1066;-224;422
76;-224;23
117;-224;406
637;-223;9990
19;-223;200
827;-223;9997
827;-223;236
1030;-223;43
1023;-222;9859
87;-222;348
1095;-222;480
53;-222;373
109;-222;62
42;-221;65
1020;-221;216
1057;-221;6
116;-221;382
5;-220;9907
9;-220;9973
11;-220;651
1083;-220;9961
1071;-220;400
1067;-220;142
76;-220;40
97;-220;184
96;-220;251
6;-219;9828
1177;-219;348
1180;-219;9914
15;-219;824
12;-219;9939
1089;-219;239
976;-219;9958
32;-219;9951
1095;-219;297
1191;-219;9844
1065;-219;9999
826;-219;9955
1068;-219;370
112;-219;423
112;-219;346
98;-219;109
80;-219;9982
21;-219;9897
643;-218;225
10;-218;174
1093;-218;9967
974;-218;9891
1016;-218;753
1069;-218;9895
22;-218;9763
1149;-218;1410
1068;-218;9765
236;-218;401
97;-218;9925
88;-218;253
96;-218;9935
941;-218;993
40;-218;1248
925;-218;91
974;-217;453
1136;-217;377
1065;-217;281
1059;-217;486
1029;-217;108
80;-217;9988
39;-217;1177
941;-217;915
1188;-216;98
12;-216;9940
955;-216;328
83;-216;1022
29;-216;435
19;-216;581
827;-216;310
1051;-216;603
97;-216;15
164;-216;9977
88;-216;154
941;-216;208
14;-216;9994
21;-216;9802
29;-215;562
22;-215;289
1066;-215;9830
168;-215;72
108;-215;130
920;-215;395
921;-215;134
1173;-214;233
239;-214;405
100;-214;204
100;-214;641
57;-214;870
109;-214;88
39;-214;1131
156;-214;402
974;-213;9889
644;-213;1006
1098;-213;33
1065;-213;341
1171;-213;80
1029;-213;434
71;-213;105
168;-213;32
926;-213;9870
1016;-212;683
1186;-212;311
98;-212;342
67;-212;9998
82;-212;437
45;-211;1249
23;-211;732
1065;-211;127
14;-211;144
78;-210;254
78;-210;263
83;-210;9932
85;-210;9885
23;-210;697
1057;-210;329
644;-209;871
24;-209;253
1022;-209;1
1173;-209;333
1175;-209;292
1065;-209;275
1059;-209;857
236;-209;137
79;-209;102
35;-208;2
1098;-208;845
1003;-208;89
85;-208;128
1089;-208;9970
1095;-208;487
1095;-208;417
18;-208;651
240;-208;243
100;-208;613
97;-208;352
88;-208;240
64;-208;577
80;-208;98
80;-208;216
935;-208;415
1095;-207;354
84;-207;9980
1065;-207;425
69;-207;223
81;-207;157
925;-207;1141
156;-207;301
1024;-206;677
974;-206;272
47;-206;241
637;-206;408
955;-206;586
1082;-206;23
1098;-206;810
1067;-206;420
1030;-206;123
1040;-206;70
1027;-205;365
8;-205;927
1181;-205;438
1095;-205;431
1095;-205;121
23;-205;764
1040;-205;27
69;-205;9968
64;-205;561
925;-205;1258
15;-205;383
38;-204;9904
37;-204;206
974;-204;336
43;-204;317
1188;-204;135
32;-204;6
69;-204;83
52;-204;769
76;-204;325
1057;-204;275
49;-204;268
112;-204;9947
96;-204;44
76;-204;741
36;-204;311
36;-204;443
925;-204;1090
151;-204;9990
46;-203;1097
639;-203;251
11;-203;120
1094;-203;9973
1095;-203;339
1006;-203;9978
24;-203;666
28;-203;923
1149;-203;1067
1039;-203;123
69;-203;1004
80;-203;119
937;-203;1333
34;-203;400
926;-203;150
158;-203;75
910;-203;212
43;-202;281
78;-202;234
1177;-202;9999
1188;-202;107
1089;-202;328
1098;-202;671
1022;-202;178
83;-202;9930
29;-202;9869
827;-202;272
1057;-202;392
53;-202;188
237;-202;305
108;-202;9
151;-202;17
81;-202;584
36;-202;5
11;-202;859
920;-202;369
46;-201;9941
75;-201;895
6;-201;231
8;-201;886
1183;-201;496
1095;-201;18
85;-201;258
1089;-201;300
23;-201;601
1174;-201;387
1080;-201;360
1067;-201;177
1057;-201;9826
74;-201;299
1030;-201;293
108;-201;98
108;-201;29
64;-201;540
937;-201;12
168;-201;378
39;-201;9987
926;-201;10
937;-201;522
934;-201;592
155;-201;1568
14;-201;324
922;-201;124
1023;-200;461
6;-200;767
1095;-200;193
1065;-200;320
1051;-200;26
69;-200;511
1057;-200;841
238;-200;10
118;-200;22
108;-200;3
152;-200;9894
15;-200;321
915;-200;743
925;-200;334
28;-199;107
1171;-199;288
12;-199;356
915;-199;994
18;-198;279
1171;-198;9890
108;-198;9969
925;-198;1364
29;-197;316
1057;-197;9944
96;-197;203
96;-197;128
38;-196;286
155;-196;1224
44;-195;850
69;-195;9971
96;-195;311
7;-193;247
85;-193;453
45;-192;1231
9;-192;892
29;-192;403
1093;-192;42
236;-192;232
827;-192;9992
96;-192;9933
921;-192;524
1191;-191;2
1191;-191;281
1183;-190;138
12;-190;82
1065;-190;9998
95;-190;9929
80;-190;9979
35;-189;4
644;-189;492
1064;-189;1333
23;-189;194
1072;-189;107
1061;-189;9863
112;-189;9946
5;-188;144
1188;-188;4
1177;-188;9949
1023;-188;9858
1089;-188;9980
1095;-188;9918
108;-188;299
96;-188;9932
96;-188;408
96;-188;9940
64;-188;554
164;-188;14
152;-188;0
35;-187;190
1024;-187;852
18;-187;9971
23;-187;9765
19;-187;602
14;-187;170
921;-187;102
925;-187;798
35;-186;202
1020;-186;397
1095;-186;9914
1023;-186;9857
19;-186;9849
19;-186;308
1067;-186;461
95;-186;49
1002;-185;727
974;-185;9892
7;-185;284
1083;-185;254
1089;-185;9998
1065;-185;21
1040;-185;9818
96;-185;5
919;-185;412
77;-184;333
80;-184;1248
80;-184;59
36;-184;9895
15;-184;9852
66;-183;754
52;-183;9931
118;-183;12
96;-183;419
35;-182;192
8;-182;743
100;-182;88
166;-182;19
1070;-181;9912
71;-181;430
100;-181;422
166;-181;628
167;-181;248
937;-181;1197
919;-181;365
638;-180;410
1095;-180;134
1065;-180;66
1030;-180;9854
48;-180;1009
108;-180;411
937;-180;749
937;-180;276
75;-179;671
80;-179;1082
1098;-179;445
1006;-179;357
83;-179;1156
1098;-179;692
1075;-179;473
1039;-179;88
100;-179;408
66;-179;50
935;-179;1
14;-179;272
1002;-178;193
14;-178;573
85;-178;443
29;-178;116
1162;-178;2
1077;-178;1298
88;-178;85
56;-178;29
930;-178;385
168;-178;518
154;-178;36
14;-178;51
7;-177;9808
15;-177;172
1095;-177;369
1065;-177;157
49;-177;9931
96;-177;441
96;-177;9926
98;-177;334
156;-177;273
15;-177;168
15;-177;208
37;-176;84
38;-176;730
42;-176;864
1176;-176;9752
637;-176;9784
1188;-176;469
15;-176;861
1167;-176;99996
1173;-176;9945
826;-176;186
1059;-176;954
1059;-176;980
1027;-176;600
1057;-176;9951
49;-176;229
236;-176;94
166;-176;587
88;-176;504
937;-176;1252
916;-176;419
1185;-175;284
1183;-175;536
15;-175;749
1095;-175;9927
83;-175;947
25;-175;896
1136;-175;105
830;-175;333
826;-175;241
1030;-175;9853
78;-175;294
39;-175;1154
15;-175;492
915;-175;164
910;-175;9918
5;-174;523
10;-174;751
11;-174;596
1022;-174;33
18;-174;327
23;-174;959
108;-174;22
88;-174;5
96;-174;110
36;-174;482
15;-174;9854
916;-174;451
1010;-173;362
1003;-173;677
1093;-173;296
1094;-173;275
1095;-173;9891
827;-173;95
827;-173;886
74;-173;609
1034;-173;19
67;-173;58
941;-173;1158
18;-173;32
14;-173;869
910;-173;1001
1024;-172;626
6;-172;882
1181;-172;31
1095;-172;181
1095;-172;9901
1089;-172;101
1180;-172;38
1061;-172;20
1089;-172;357
23;-172;9853
18;-172;24
23;-172;564
1071;-172;9984
1065;-172;388
1065;-172;15
1031;-172;7
1057;-172;906
159;-172;9799
88;-172;262
56;-172;458
81;-172;561
40;-172;819
33;-172;328
930;-172;55
921;-172;225
38;-171;78
1016;-171;633
5;-171;193
1081;-171;50
1188;-171;351
10;-171;515
1098;-171;858
28;-171;328
1065;-171;365
826;-171;10
1166;-171;1377
1059;-171;9972
70;-171;9860
76;-171;338
1057;-171;759
1030;-171;9852
57;-171;853
56;-171;430
34;-171;78
14;-171;836
919;-171;55
33;-170;249
37;-170;9979
1010;-170;331
1022;-170;315
8;-170;9865
47;-170;208
1188;-170;496
1019;-170;9872
1095;-170;270
22;-170;234
1149;-170;1112
1062;-170;301
72;-170;9878
100;-170;537
97;-170;293
98;-170;311
21;-170;618
1177;-169;1
1095;-169;9902
1098;-169;9899
88;-169;519
80;-168;9985
81;-167;133
643;-166;663
31;-166;335
1070;-166;1576
910;-166;1049
36;-165;568
239;-165;96
97;-165;343
18;-164;9872
14;-164;9992
159;-163;9800
1057;-162;971
1167;-161;461
236;-161;49
109;-161;145
14;-161;729
1173;-160;9943
638;-160;48
12;-160;9896
14;-160;9846
48;-160;9931
18;-160;738
44;-159;949
1184;-159;9973
827;-159;733
1057;-159;9950
108;-159;326
77;-158;9997
1020;-158;9725
1081;-158;9974
1177;-158;27
21;-158;523
24;-158;9877
827;-158;153
1030;-158;9849
239;-158;375
14;-158;9989
15;-158;9861
922;-158;378
37;-157;299
955;-157;541
8;-157;350
1188;-157;442
1075;-157;455
1065;-157;325
239;-157;31
108;-157;305
96;-157;9942
160;-157;176
937;-157;1225
910;-157;422
1063;-156;457
1089;-156;9977
1065;-156;302
52;-156;850
97;-156;7
108;-156;114
937;-156;1306
75;-155;599
644;-155;479
1177;-155;112
1024;-155;9963
24;-155;168
164;-155;9976
941;-155;1015
6;-154;132
643;-154;13
1188;-154;153
87;-154;9990
23;-154;9764
50;-154;462
88;-154;426
937;-154;770
40;-154;575
14;-154;704
1167;-153;170
168;-153;352
80;-153;9980
82;-153;338
42;-152;9986
1181;-152;217
1078;-152;9853
69;-152;9988
74;-152;467
52;-152;318
1098;-151;9903
18;-151;9871
1070;-151;1143
826;-151;9952
1059;-151;344
53;-151;310
100;-151;218
1093;-150;365
974;-150;149
28;-150;39
24;-150;9873
95;-150;339
94;-150;153
1002;-149;618
1177;-149;284
1020;-149;9790
1027;-149;32
1016;-149;9728
1180;-149;246
19;-149;627
1057;-149;301
109;-149;110
112;-149;357
10;-149;9900
1098;-148;10
1095;-148;309
29;-148;337
1070;-148;1354
236;-148;108
166;-148;336
937;-148;965
14;-148;1
15;-148;128
46;-147;1108
10;-147;9986
15;-147;286
1095;-147;204
70;-147;33
1057;-147;249
49;-147;109
96;-147;261
928;-147;9998
15;-147;298
35;-146;288
108;-146;125
78;-146;9
39;-146;959
920;-146;337
921;-146;633
43;-145;564
35;-145;6
1188;-145;89
28;-145;9898
25;-145;454
1064;-145;254
825;-145;74
1067;-145;376
1057;-145;811
240;-145;1
98;-145;358
95;-145;9930
108;-145;103
87;-145;512
88;-145;525
937;-145;603
36;-145;88
941;-145;942
916;-145;510
78;-144;385
6;-144;283
1188;-144;345
644;-144;9
24;-144;659
1093;-144;319
1112;-144;874
1067;-144;9923
1031;-144;33
100;-144;105
80;-143;1229
37;-143;295
37;-143;613
1021;-143;318
1095;-143;8
1019;-143;14
32;-143;232
1089;-143;28
827;-143;9993
1065;-143;41
1067;-143;194
1029;-143;390
1055;-143;186
71;-143;45
1028;-143;207
1051;-143;244
49;-143;435
49;-143;9927
100;-143;659
100;-143;549
97;-143;364
102;-143;9947
67;-143;1011
925;-143;309
34;-142;1097
7;-142;9800
1186;-142;9965
1093;-142;88
1093;-142;534
25;-142;335
24;-142;79
24;-142;137
29;-142;442
24;-142;9777
25;-142;427
23;-142;381
1168;-142;548
52;-142;307
168;-142;487
88;-142;27
152;-142;9860
159;-142;9803
36;-142;403
39;-142;1007
33;-142;75
150;-142;358
15;-142;664
47;-141;562
9;-141;361
1188;-141;180
11;-141;9840
1003;-141;34
25;-141;316
1071;-141;441
236;-141;5
827;-141;9996
1046;-141;9985
1040;-141;385
1059;-141;376
52;-141;314
241;-141;483
930;-141;293
21;-141;31
910;-141;471
36;-140;9937
44;-140;587
1187;-140;328
638;-140;391
1185;-140;310
15;-140;249
1084;-140;424
1094;-140;292
1089;-140;9974
1093;-140;344
1098;-140;514
19;-140;151
826;-140;542
830;-140;9867
1065;-140;163
1031;-140;41
1037;-140;9905
1055;-140;40
1040;-140;9833
95;-140;478
97;-140;9920
935;-140;63
34;-140;127
941;-140;884
941;-140;1202
920;-140;37
18;-139;628
94;-139;533
23;-138;652
1057;-138;174
116;-138;200
1059;-137;9975
97;-137;443
31;-135;168
166;-135;9846
25;-134;9950
1089;-134;59
74;-134;46
48;-134;1193
96;-134;91
157;-134;9961
644;-133;474
1177;-133;133
11;-133;9764
28;-133;5
1173;-133;9941
15;-133;341
82;-132;278
14;-132;9848
109;-132;9966
117;-132;9920
38;-131;9899
6;-131;9825
5;-131;9909
1183;-131;9894
109;-131;309
22;-131;469
645;-130;576
94;-130;9891
34;-130;9990
925;-130;527
15;-130;9849
645;-129;9884
15;-129;900
84;-129;184
1168;-129;377
48;-129;1223
57;-129;628
156;-129;9781
36;-128;811
36;-128;592
1002;-128;9803
200;-128;111
21;-128;27
1067;-128;9931
68;-128;1425
1040;-128;132
937;-128;575
925;-128;1312
925;-128;1115
925;-128;633
1022;-127;9964
14;-127;617
1102;-127;9874
22;-127;9837
1057;-127;9941
114;-127;9984
155;-127;1393
15;-127;9860
1063;-126;407
240;-126;860
119;-126;329
79;-126;50
80;-126;9997
920;-126;188
35;-125;188
1183;-125;451
1188;-125;404
1074;-125;328
32;-125;328
72;-125;99998
95;-125;345
95;-125;9900
97;-125;9
584;-125;757
34;-125;9989
42;-124;18
38;-124;430
1095;-124;323
1065;-124;381
825;-124;510
1030;-124;232
116;-124;196
12;-124;9945
1187;-123;621
1065;-123;349
830;-123;9866
1059;-123;465
94;-123;9885
95;-123;131
1188;-122;9983
23;-122;101
96;-122;9941
64;-122;1298
150;-122;675
80;-122;247
928;-122;657
14;-122;9993
910;-122;79
1020;-121;329
22;-121;9835
827;-121;582
1061;-121;969
67;-121;1343
7;-120;9802
1186;-120;9967
1095;-120;9900
1093;-120;9966
1024;-120;950
1174;-120;9973
1065;-120;311
1040;-120;174
69;-120;1185
1031;-120;1644
162;-120;707
81;-120;885
941;-120;149
922;-120;196
1191;-119;9846
50;-119;173
100;-119;524
12;-119;344
32;-118;436
1065;-118;50
69;-118;35
75;-118;275
1034;-118;281
236;-118;292
108;-118;9983
96;-118;148
80;-118;9981
80;-118;37
36;-118;327
47;-117;354
1176;-117;172
11;-117;13
14;-117;274
955;-117;319
28;-117;386
32;-117;417
1115;-117;499
863;-117;9865
22;-117;653
1153;-117;46
1051;-117;9956
1029;-117;474
49;-117;285
108;-117;416
56;-117;354
151;-117;256
19;-117;512
915;-117;9963
75;-116;913
29;-116;131
24;-116;549
1095;-116;467
1089;-116;286
23;-116;200
23;-116;120
1168;-116;9877
826;-116;320
1065;-116;177
1040;-116;238
236;-116;188
100;-116;468
108;-116;15
108;-116;238
1016;-115;52
8;-115;667
1188;-115;126
1089;-115;9981
1003;-115;620
83;-115;1133
1095;-115;283
824;-115;528
1040;-115;301
69;-115;402
74;-115;294
94;-115;76
108;-115;535
80;-115;202
925;-115;555
15;-115;188
18;-115;515
916;-115;467
1015;-114;63
1020;-114;753
826;-114;39
1031;-114;47
75;-114;567
1057;-114;707
108;-114;120
117;-114;9997
96;-114;281
65;-114;82
166;-114;2
935;-114;385
14;-114;561
36;-113;506
1022;-113;628
1177;-113;1024
1089;-113;116
1095;-113;9904
25;-113;147
1173;-113;83
1150;-113;1337
68;-113;1127
1039;-113;9934
152;-113;9898
152;-113;695
941;-113;469
941;-113;968
155;-113;1435
150;-113;9837
15;-113;41
35;-112;99
1188;-112;79
1027;-112;301
85;-112;423
29;-112;395
24;-112;9780
1089;-112;162
1084;-112;488
24;-112;574
1170;-112;9932
1072;-112;436
1065;-112;269
824;-112;257
1046;-112;839
32;-112;14
1030;-112;398
81;-112;437
937;-112;1358
156;-112;16
14;-112;195
921;-112;595
82;-111;343
5;-111;473
7;-111;211
1188;-111;341
1188;-111;541
1188;-111;9
643;-111;9834
1188;-111;70
32;-111;121
1067;-111;450
1075;-111;367
826;-111;69
1074;-111;450
1070;-111;1283
67;-111;43
1028;-111;175
236;-111;64
94;-111;9998
112;-111;9948
151;-111;4
166;-111;306
36;-111;69
44;-110;545
1002;-110;31
1188;-110;532
1089;-110;314
1024;-110;976
1089;-110;44
24;-110;609
1067;-110;325
1070;-110;1527
1065;-110;27
74;-110;1
95;-110;530
56;-110;379
916;-110;75
916;-110;173
643;-107;9997
94;-107;45
117;-106;9917
1095;-105;446
116;-105;411
46;-104;239
637;-104;9989
12;-104;9941
1075;-104;385
32;-104;9962
926;-104;9868
1002;-103;579
5;-103;9906
1095;-103;9906
1174;-103;367
1149;-103;1362
95;-103;522
15;-103;364
70;-102;538
94;-102;297
117;-102;147
5;-101;9910
44;-101;608
85;-101;361
1068;-101;9763
19;-101;542
1016;-100;9729
1095;-100;9895
1072;-100;264
1046;-100;816
158;-100;112
1183;-99;97
1024;-99;436
85;-99;462
1040;-99;9830
72;-99;90
1040;-99;9825
48;-99;1067
95;-99;62
116;-99;114
117;-99;158
108;-99;9967
108;-99;9966
33;-99;9896
80;-98;1214
37;-98;520
1002;-98;9804
8;-98;616
1188;-98;9975
1177;-98;444
1188;-98;276
28;-98;9989
1180;-98;9856
826;-98;9961
1150;-98;1122
1067;-98;9925
80;-98;9987
80;-97;9963
1184;-97;87
1188;-97;9987
15;-97;410
1095;-97;9903
1098;-97;223
1078;-97;69
96;-97;159
81;-97;145
39;-97;9989
644;-96;9997
644;-96;9998
15;-96;324
85;-96;9888
1174;-96;9967
1067;-96;221
1039;-96;142
1040;-96;9823
48;-96;9929
18;-96;9856
33;-95;9990
47;-95;497
1186;-95;623
37;-95;436
1168;-95;9876
1057;-95;9952
1055;-95;411
97;-95;20
164;-95;9975
64;-95;9998
934;-95;203
158;-95;490
1078;-94;393
1051;-94;508
46;-93;221
12;-93;17
1095;-93;9915
1098;-93;425
83;-93;1179
827;-93;9998
80;-93;9996
925;-93;405
48;-92;1022
112;-92;4
83;-92;33
152;-92;1032
1188;-91;9997
1188;-91;170
15;-91;118
14;-91;250
18;-91;9970
1167;-91;9941
1066;-91;384
832;-91;9757
48;-91;1208
1010;-90;313
1024;-90;9896
955;-90;9877
1095;-90;58
1095;-90;145
1039;-90;9942
1055;-90;153
117;-90;9913
116;-90;170
925;-90;773
36;-89;540
9;-89;141
1186;-89;9964
1188;-89;23
1020;-89;9726
23;-89;801
1077;-89;1353
1030;-89;3
1051;-89;575
78;-89;35
157;-89;477
15;-89;552
1181;-88;312
15;-88;11
83;-88;1105
826;-88;339
826;-88;162
1030;-88;81
1052;-88;8
72;-88;312
94;-88;1
96;-88;54
941;-88;854
15;-88;3
47;-87;177
78;-87;204
38;-87;122
1175;-87;70
1016;-87;722
84;-87;514
28;-87;297
1168;-87;154
1065;-87;89
1070;-87;1019
95;-87;9919
934;-87;455
15;-87;88
82;-86;3
34;-86;1122
639;-86;1
1067;-86;209
1079;-86;75
1067;-86;230
23;-86;9752
825;-86;221
1174;-86;83
1173;-86;368
1040;-86;210
1057;-86;683
162;-86;9970
112;-86;12
36;-86;433
36;-86;128
152;-86;9896
921;-86;614
33;-85;224
1006;-85;18
5;-85;122
645;-85;100
18;-85;402
826;-85;213
1065;-85;170
1073;-85;29
68;-85;1085
69;-85;9
40;-85;841
925;-85;1339
1089;-84;342
83;-84;1144
25;-84;707
24;-84;707
23;-84;301
1067;-84;339
1074;-84;276
1059;-84;409
75;-84;776
75;-84;580
152;-84;323
39;-84;1142
21;-84;87
14;-84;388
36;-83;253
1095;-83;89
1095;-83;458
1136;-83;112
1070;-83;1187
236;-83;335
240;-83;521
95;-83;9920
97;-83;432
100;-83;438
168;-83;109
117;-83;9921
36;-83;118
937;-83;989
11;-83;376
36;-82;773
9;-82;846
1188;-82;9998
1089;-82;88
830;-82;359
1167;-82;1321
48;-82;1179
88;-82;439
96;-82;25
15;-82;512
15;-82;64
922;-82;46
1006;-81;271
1188;-81;551
1065;-81;133
832;-81;586
57;-81;809
64;-81;778
160;-81;83
36;-81;394
934;-81;12
1185;-80;9896
12;-80;624
1098;-80;9901
32;-80;475
32;-80;312
1102;-80;9872
1064;-80;9963
1064;-80;1026
28;-80;344
1170;-80;9931
1040;-80;9832
49;-80;41
48;-80;28
241;-80;466
116;-80;64
150;-80;347
922;-80;494
33;-79;245
75;-79;266
1175;-78;9953
94;-78;237
1095;-77;9896
1055;-77;9824
921;-77;262
97;-76;9926
36;-75;9892
158;-75;9906
12;-74;592
1171;-74;9888
1073;-74;9914
100;-74;58
935;-74;9
95;-73;487
18;-73;9936
908;-73;209
643;-72;9995
1095;-72;9921
23;-72;1008
95;-72;327
95;-72;712
87;-71;306
24;-71;24
934;-71;82
80;-70;9965
75;-70;253
94;-70;164
94;-70;67
35;-69;42
38;-69;480
1002;-69;675
42;-69;48
1186;-69;9973
1173;-69;9947
72;-69;117
1051;-69;9955
66;-69;9883
159;-69;18
930;-69;21
77;-68;64
974;-68;359
10;-68;9983
1024;-68;9967
28;-68;9895
69;-68;1150
48;-68;9934
162;-68;239
151;-68;35
1002;-67;145
15;-67;9788
1098;-67;9909
24;-67;9961
22;-67;183
1089;-67;9978
19;-67;9854
1067;-67;159
95;-67;165
95;-67;350
108;-67;9964
96;-67;291
96;-67;192
12;-67;9947
910;-67;9919
919;-67;9957
35;-66;297
1180;-66;9855
1040;-66;9829
53;-66;28
97;-66;9919
95;-66;700
109;-66;97
116;-66;72
11;-66;9909
35;-65;137
14;-65;150
1093;-65;9974
23;-65;25
826;-65;9960
108;-65;9982
19;-65;9819
8;-64;398
640;-64;384
1095;-64;9897
1098;-64;263
1174;-64;525
94;-64;20
920;-64;552
15;-63;941
1057;-63;656
94;-63;13
66;-63;240
36;-63;79
7;-62;9803
10;-62;9992
32;-62;102
1080;-62;285
1065;-62;432
72;-62;249
49;-62;9921
78;-61;375
23;-61;252
25;-61;9814
1039;-61;163
94;-61;316
168;-61;313
33;-60;201
1188;-60;611
85;-60;147
75;-60;3
150;-60;9840
83;-60;61
1;-59;358
75;-58;794
35;-58;236
1185;-58;148
1188;-58;486
10;-58;9985
84;-58;85
82;-58;9990
1094;-58;381
1074;-58;369
22;-58;710
1075;-58;9996
1065;-58;439
83;-58;325
921;-58;491
1188;-57;61
23;-57;229
1170;-57;446
1065;-57;151
1065;-57;73
74;-57;282
75;-57;589
1059;-57;826
151;-57;275
937;-57;492
937;-57;548
80;-56;1057
1177;-56;9950
1098;-56;241
1068;-56;200
1059;-56;923
1029;-56;66
1039;-56;349
74;-56;544
100;-56;563
108;-56;405
96;-56;271
40;-56;599
36;-55;9978
1181;-55;273
11;-55;9765
1094;-55;134
1095;-55;473
29;-55;9877
1075;-55;439
1073;-55;105
76;-55;5
70;-55;9791
168;-55;9867
160;-55;359
941;-55;1180
156;-55;169
15;-55;428
15;-55;472
1093;-54;263
29;-54;109
1081;-54;208
1065;-54;10
826;-54;96
69;-54;294
68;-54;1036
75;-54;595
97;-54;86
96;-54;244
36;-54;12
152;-54;356
40;-54;552
14;-54;9990
19;-54;8
922;-54;346
35;-53;258
5;-53;449
637;-53;885
1095;-53;9917
25;-53;9808
31;-53;9967
1174;-53;462
1072;-53;393
95;-53;9936
941;-53;280
168;-53;363
934;-53;29
941;-53;1227
75;-52;552
5;-52;101
9;-52;297
640;-52;8
1184;-52;465
1010;-52;284
1174;-52;12
1065;-52;446
1029;-52;645
1040;-52;9826
74;-52;555
52;-52;8
108;-52;318
33;-52;386
15;-52;9859
1188;-51;513
1021;-51;47
28;-51;132
32;-51;378
32;-51;456
902;-51;336
1057;-51;9945
72;-51;12
48;-51;343
52;-51;403
50;-51;234
108;-51;311
56;-51;319
156;-51;302
925;-51;1285
15;-51;718
43;-50;265
82;-50;28
35;-50;284
45;-50;1241
1188;-50;9974
83;-50;961
1207;-50;308
1084;-50;362
1068;-50;412
826;-50;600
1029;-50;363
1030;-50;377
235;-50;709
114;-50;279
88;-50;473
151;-50;26
67;-50;129
36;-50;414
937;-50;1278
151;-50;9802
830;-49;9898
116;-49;66
167;-49;691
920;-49;255
34;-48;937
7;-48;9805
168;-47;685
15;-47;9853
24;-46;9962
95;-46;514
45;-45;9961
1095;-45;9892
24;-45;9875
14;-43;902
1175;-42;9955
29;-42;366
156;-42;9951
8;-41;9866
1065;-41;139
94;-41;7
98;-41;205
35;-40;112
1186;-40;148
10;-40;9993
32;-40;150
1065;-40;184
67;-40;438
35;-39;262
1098;-39;9919
1022;-39;146
24;-39;9874
25;-39;9926
23;-39;873
22;-39;821
825;-39;31
240;-39;738
108;-39;246
108;-39;9981
154;-39;154
36;-39;0
47;-38;9992
45;-38;34
6;-38;9826
1016;-38;184
25;-38;468
1068;-38;179
95;-38;9902
79;-38;251
10;-38;9711
47;-37;9993
35;-37;108
1171;-37;9893
98;-37;60
95;-37;361
119;-37;398
88;-37;200
1015;-36;122
824;-36;510
1173;-36;9942
1168;-36;425
74;-36;29
95;-36;157
155;-36;9926
166;-36;9845
12;-36;9948
14;-36;9986
6;-35;179
25;-35;95
19;-35;9853
68;-35;9955
1061;-35;9948
117;-35;416
116;-35;75
935;-35;534
33;-34;217
1002;-34;9801
12;-34;9942
1062;-34;360
160;-34;507
96;-34;170
168;-34;141
638;-33;9964
1168;-33;9878
94;-33;303
941;-33;233
240;-32;123
82;-32;249
916;-32;141
34;-31;927
1188;-31;189
1093;-31;9965
85;-31;433
24;-31;9876
1073;-31;72
100;-31;61
95;-31;9924
152;-31;1373
15;-31;19
38;-30;9903
641;-30;26
83;-30;1223
1065;-30;264
162;-30;131
96;-30;9929
94;-30;142
151;-30;245
37;-30;448
39;-30;933
639;-29;230
638;-29;430
1021;-29;130
32;-29;397
1173;-29;6
1067;-29;85
33;-29;9895
1082;-28;646
1016;-28;152
22;-28;9955
1079;-28;9945
1065;-28;412
156;-28;62
78;-27;338
5;-27;9908
1188;-27;523
637;-27;224
1175;-27;462
23;-27;838
1065;-27;333
1031;-27;15
69;-27;73
1040;-27;9822
80;-27;9978
925;-27;857
8;-26;9873
42;-26;622
641;-26;256
1175;-26;182
85;-26;138
19;-26;101
825;-26;360
1153;-26;377
72;-26;64
74;-26;240
66;-26;526
81;-26;166
926;-26;87
40;-26;876
45;-25;1217
44;-25;1006
1026;-25;1373
644;-25;968
1188;-25;162
1184;-25;247
82;-25;470
85;-25;108
1089;-25;130
1079;-25;37
825;-25;539
117;-25;9919
114;-25;5
88;-25;358
930;-25;87
935;-25;145
925;-25;1041
914;-25;9989
82;-24;9991
36;-24;548
641;-24;266
1084;-24;312
1012;-24;828
29;-24;417
1084;-24;9966
1171;-24;434
1074;-24;9812
67;-24;166
1057;-24;9948
102;-24;9946
66;-24;409
35;-23;17
1188;-23;374
1188;-23;505
14;-23;659
1098;-23;381
84;-23;1632
22;-23;9761
1159;-23;241
1174;-23;629
74;-23;603
74;-23;9906
1040;-23;343
1055;-23;9822
53;-23;402
52;-23;2
162;-23;363
15;-23;9855
1188;-22;198
1187;-22;235
1185;-22;54
1188;-22;143
1082;-22;9933
1095;-22;169
1098;-22;655
29;-22;381
32;-22;9953
1094;-22;225
74;-22;597
1034;-22;9
1059;-22;9976
1051;-22;9918
100;-22;482
160;-22;9976
82;-21;310
35;-21;253
9;-21;781
11;-21;365
15;-21;363
84;-21;332
97;-21;591
32;-21;141
1083;-21;122
1078;-21;652
1040;-21;440
94;-21;310
117;-21;471
94;-21;8
66;-21;445
151;-21;293
14;-21;9996
925;-21;752
919;-21;491
35;-20;38
1063;-20;195
1177;-20;359
640;-20;362
644;-20;9792
1095;-20;28
827;-20;974
95;-20;333
97;-20;282
98;-20;326
67;-20;1094
80;-20;9993
925;-20;582
15;-20;354
35;-19;223
116;-19;103
36;-19;108
47;-18;9996
31;-18;38
19;-18;679
1188;-17;9980
14;-17;641
1093;-17;67
49;-17;9925
8;-16;850
1068;-16;9766
1030;-16;9851
1095;-15;9908
23;-15;9762
1162;-15;7
1059;-15;9974
116;-15;78
974;-14;380
1176;-14;9962
995;-14;9889
83;-13;1208
32;-13;465
98;-13;438
114;-13;12
81;-13;216
83;-13;10
42;-12;74
645;-12;608
85;-12;9889
52;-12;322
94;-12;131
76;-12;984
1188;-11;9986
23;-11;912
1136;-11;370
1030;-11;9848
1031;-11;53
1030;-11;9839
98;-11;444
117;-11;21
102;-11;346
78;-10;70
108;-10;108
114;-10;177
15;-10;108
35;-9;275
10;-9;9923
1075;-9;9997
82;-9;188
1065;-9;400
1077;-9;9964
95;-9;9921
156;-9;91
5;-8;428
8;-8;312
1102;-8;467
1095;-8;9893
68;-8;1339
1031;-8;2
1031;-8;4
48;-8;1167
162;-8;661
98;-8;101
937;-8;1176
925;-8;608
14;-8;9991
42;-7;23
1177;-7;326
1074;-7;681
53;-7;9970
116;-7;190
119;-7;340
37;-7;230
155;-7;1013
19;-7;9818
908;-7;9992
5;-6;497
641;-6;17
15;-6;9791
825;-6;257
48;-6;1235
109;-6;94
45;-5;1175
84;-5;35
85;-5;501
22;-5;9836
930;-5;1467
24;-5;332
1171;-5;9891
1030;-5;9838
240;-5;38
240;-5;63
94;-5;540
934;-5;401
85;-4;9890
1030;-4;357
95;-4;694
922;-4;400
34;-3;9941
641;-3;4
1175;-3;214
83;-3;9934
48;-3;1244
152;-3;670
154;-3;378
80;-2;1239
35;-2;104
37;-2;605
46;-2;965
1176;-2;193
12;-2;558
1093;-2;132
85;-2;176
25;-2;624
1070;-2;1231
74;-2;288
926;-2;438
156;-2;9782
14;-2;807
916;-2;9983
42;1;901
35;1;227
974;1;200
44;1;905
1175;1;383
643;1;75
974;1;126
974;1;403
974;1;426
85;1;472
29;1;388
1093;1;432
1093;1;181
1098;1;563
1098;1;134
1098;1;153
177;1;351
274;1;215
274;1;225
243;1;342
243;1;56
243;1;215
243;1;85
213;1;253
213;1;213
213;1;216
274;1;9905
213;1;331
194;1;401
213;1;338
194;1;405
213;1;346
213;1;350
213;1;364
194;1;425
194;1;428
204;1;29
204;1;164
204;1;170
194;1;449
194;1;453
194;1;455
194;1;477
194;1;489
204;1;84
204;1;90
1065;1;394
1174;1;287
1149;1;1449
1073;1;12
1031;1;1568
32;1;495
32;1;191
67;1;389
71;1;176
71;1;491
71;1;192
71;1;506
68;1;1522
68;1;1571
70;1;350
69;1;454
69;1;162
69;1;481
49;1;9922
52;1;356
52;1;53
194;1;234
94;1;324
177;1;199
185;1;342
190;1;348
213;1;334
194;1;49
194;1;185
4;1;96
177;1;227
185;1;356
213;1;356
146;1;9995
185;1;381
190;1;45
194;1;61
146;1;509
194;1;211
177;1;247
194;1;91
74;1;99998
116;1;81
119;1;284
4;1;64
194;1;115
185;1;627
190;1;331
194;1;127
4;1;72
146;1;404
194;1;139
190;1;53
190;1;9978
243;1;322
177;1;461
194;1;12
190;1;558
194;1;15
281;1;132
281;1;290
301;1;148
243;1;435
274;1;58
274;1;388
603;1;479
860;1;1410
96;1;138
57;1;908
57;1;930
301;1;831
274;1;114
301;1;869
940;1;270
603;1;4
301;1;50
301;1;9842
301;1;378
603;1;303
301;1;630
243;1;390
301;1;101
603;1;35
274;1;40
301;1;427
603;1;335
860;1;1067
155;1;1475
155;1;1519
883;1;972
274;1;68
301;1;183
860;1;1112
274;1;406
281;1;15
301;1;752
243;1;466
301;1;218
281;1;47
281;1;342
281;1;167
860;1;1629
274;1;91
301;1;259
281;1;65
281;1;412
860;1;1152
274;1;331
937;1;1011
168;1;174
36;1;521
37;1;198
37;1;214
47;2;430
46;2;951
42;2;679
35;2;267
34;2;9974
35;2;91
35;2;95
34;2;698
38;2;317
36;2;526
36;2;474
1027;2;393
1026;2;1336
47;2;9973
1175;2;518
1188;2;9990
640;2;350
643;2;263
1184;2;183
1186;2;237
1188;2;116
1184;2;499
1177;2;296
14;2;593
12;2;9938
1095;2;217
1098;2;59
85;2;57
84;2;9856
85;2;118
97;2;0
32;2;73
29;2;138
1098;2;85
1094;2;95
902;2;9978
1064;2;9994
146;2;9960
177;2;3
177;2;9966
1191;2;9843
4;2;585
1207;2;9994
177;2;391
243;2;9900
213;2;263
274;2;3
274;2;277
274;2;120
213;2;210
274;2;286
213;2;219
274;2;20
213;2;222
204;2;103
204;2;109
194;2;398
194;2;404
204;2;116
213;2;342
194;2;512
194;2;515
194;2;518
204;2;130
194;2;415
194;2;421
194;2;424
204;2;144
194;2;431
194;2;434
204;2;38
204;2;64
194;2;471
194;2;475
194;2;481
213;2;319
194;2;485
213;2;322
194;2;394
194;2;395
1095;2;41
22;2;9840
23;2;9766
22;2;1002
1150;2;1376
1168;2;9881
1171;2;9895
1067;2;417
1074;2;38
1080;2;9958
22;2;1026
826;2;400
826;2;490
1150;2;1459
1150;2;9841
1150;2;99989
1153;2;419
1071;2;9983
1080;2;650
1029;2;9971
1046;2;9984
1037;2;9906
1040;2;282
1055;2;9943
1029;2;685
1030;2;144
1037;2;430
66;2;9869
68;2;9974
72;2;99999
75;2;237
69;2;295
1059;2;9897
1055;2;9825
1028;2;573
1046;2;596
1059;2;890
50;2;9965
53;2;585
4;2;38
194;2;97
194;2;103
243;2;21
238;2;9990
241;2;109
94;2;22
87;2;5
94;2;222
98;2;9995
98;2;218
98;2;19
95;2;9992
95;2;86
95;2;174
95;2;113
97;2;215
98;2;9991
95;2;149
100;2;451
97;2;9969
97;2;274
94;2;9894
94;2;178
94;2;199
190;2;226
190;2;9
185;2;725
190;2;15
146;2;3
146;2;338
177;2;2
190;2;244
190;2;25
177;2;194
194;2;190
4;2;107
185;2;115
185;2;761
194;2;67
194;2;206
213;2;360
185;2;391
185;2;123
4;2;5
177;2;531
185;2;399
194;2;217
194;2;222
177;2;213
177;2;9937
185;2;409
194;2;228
243;2;278
185;2;270
185;2;233
190;2;311
166;2;221
114;2;374
117;2;169
118;2;9902
114;2;289
109;2;9998
119;2;9991
116;2;83
117;2;9999
117;2;7
108;2;490
116;2;9935
185;2;3
194;2;121
185;2;10
185;2;286
243;2;43
177;2;170
185;2;283
190;2;341
194;2;4
185;2;300
4;2;80
194;2;155
4;2;213
185;2;317
190;2;213
190;2;344
194;2;160
213;2;324
281;2;124
301;2;1007
301;2;9840
274;2;171
281;2;140
88;2;9979
93;2;42
94;2;56
87;2;575
93;2;9
94;2;9918
96;2;9924
98;2;319
102;2;12
98;2;350
96;2;181
65;2;183
64;2;1632
64;2;9986
114;2;123
57;2;710
281;2;202
274;2;340
281;2;298
281;2;221
281;2;83
274;2;239
281;2;321
301;2;910
281;2;99
281;2;116
281;2;272
243;2;412
281;2;281
243;2;158
274;2;49
156;2;76
81;2;543
79;2;142
281;2;148
281;2;31
603;2;250
274;2;9998
883;2;12
883;2;484
301;2;790
274;2;98
274;2;323
937;2;1034
167;2;9956
33;2;107
37;2;134
38;2;901
40;2;616
36;2;9903
925;2;1386
154;2;60
21;2;9800
19;2;9821
15;2;148
914;2;756
641;3;249
84;3;9985
85;3;32
22;3;613
1089;3;387
194;3;329
1191;3;306
177;3;9996
243;3;6
243;3;317
243;3;501
243;3;397
274;3;292
274;3;9906
274;3;396
194;3;408
213;3;352
194;3;418
194;3;526
204;3;137
204;3;184
194;3;378
1162;3;234
1072;3;20
32;3;25
1055;3;467
97;3;530
185;3;750
4;3;231
194;3;73
194;3;79
194;3;9
146;3;163
301;3;9747
88;3;113
281;3;88
940;3;15
281;3;108
860;3;1022
151;3;266
79;3;58
243;3;494
274;3;309
603;3;546
160;3;329
941;3;117
937;3;231
15;3;9846
921;3;299
78;4;189
35;4;86
640;4;9939
1094;4;511
177;4;309
274;4;285
204;4;176
204;4;57
827;4;348
1068;4;9762
185;4;9939
190;4;363
185;4;373
185;4;377
213;4;9996
185;4;9979
190;4;646
116;4;106
108;4;512
194;4;133
185;4;678
190;4;351
194;4;145
93;4;236
281;4;180
281;4;211
281;4;232
274;4;12
883;4;9925
281;4;155
274;4;316
603;4;9962
281;4;195
243;4;9940
39;4;292
931;4;203
156;4;133
10;4;9901
78;5;477
84;5;20
194;5;524
213;5;243
22;5;962
53;5;284
48;5;1144
185;5;9924
185;5;9978
177;5;38
112;5;24
281;5;25
85;6;88
274;6;9917
213;6;233
32;6;4
1073;6;9917
4;6;88
108;6;186
281;6;306
274;6;6
883;6;836
274;6;181
274;6;415
274;6;198
1006;7;8
1098;7;187
4;7;225
1152;7;9974
1077;7;1367
74;7;9914
185;7;366
185;7;142
119;7;428
108;7;9958
190;7;336
281;7;104
83;7;353
36;7;99
152;7;344
1188;8;478
1181;8;527
194;8;509
204;8;151
1077;8;1284
1059;8;440
1040;8;9827
100;8;128
108;8;162
213;8;321
603;8;9963
281;8;9989
35;9;47
33;9;231
194;9;391
150;9;713
35;10;51
85;10;9900
23;10;429
146;10;9994
35;11;231
941;11;258
1162;12;15
937;12;465
1006;14;280
204;14;157
194;14;109
34;14;9987
641;15;8
95;15;122
194;15;165
19;15;9820
10;16;9984
1095;16;9912
116;16;50
915;16;9964
100;17;99
883;17;426
945;18;9998
93;18;4
204;19;20
1065;19;5
97;19;9968
39;19;9983
155;19;1137
83;20;9936
83;20;1119
84;20;71
243;20;371
213;20;226
194;20;521
194;20;384
18;20;9869
75;20;9991
49;20;426
190;20;4
194;20;180
112;20;368
281;20;355
281;20;345
860;20;9870
301;20;9845
35;21;77
47;21;493
645;21;9883
1177;21;431
1012;21;9928
83;21;975
25;21;629
23;21;679
15;21;1114
74;21;9913
49;21;75
53;21;155
50;21;506
146;21;9999
185;21;344
190;21;393
190;21;633
112;21;78
185;21;277
57;21;546
56;21;209
301;21;9841
151;21;249
155;21;1618
15;21;9862
921;21;507
77;22;390
37;22;567
1024;22;997
1177;22;884
644;22;454
1187;22;399
194;22;219
194;22;9996
1003;22;9939
1021;22;9890
1081;22;9854
243;22;9898
213;22;593
194;22;463
1136;22;98
94;22;27
185;22;9929
185;22;106
162;22;437
190;22;332
185;22;710
152;22;1336
156;22;9953
916;22;484
80;23;9880
35;23;69
35;23;73
1024;23;483
46;23;9938
1187;23;492
640;23;339
974;23;9882
1015;23;9988
1010;23;12
1015;23;128
85;23;79
97;23;9895
104;23;9971
24;23;9960
1112;23;9863
1115;23;9799
146;23;197
274;23;9904
194;23;414
204;23;48
23;23;9763
1170;23;456
1174;23;9974
1170;23;9930
825;23;106
830;23;252
1162;23;9988
1080;23;324
1034;23;9998
1040;23;426
1059;23;9970
32;23;202
74;23;9919
76;23;13
68;23;9954
194;23;239
236;23;32
236;23;9990
238;23;9996
239;23;64
97;23;97
97;23;108
194;23;26
4;23;221
4;23;151
4;23;9921
108;23;542
117;23;9911
4;23;9927
194;23;2
4;23;205
194;23;150
281;23;9986
93;23;9993
102;23;4
281;23;91
281;23;329
281;23;337
274;23;268
151;23;284
83;23;310
82;23;9920
81;23;9996
274;23;397
281;23;163
164;23;505
34;23;9986
40;23;776
931;23;9968
934;23;611
12;23;9951
15;23;9856
921;23;244
38;24;13
42;24;9982
1187;24;9979
32;24;63
4;24;9929
274;24;236
827;24;925
1031;24;1618
72;24;9976
116;24;56
109;24;80
83;24;381
36;24;9901
35;25;249
194;25;441
1024;25;463
243;25;9901
1075;25;9998
919;25;89
974;26;103
1188;26;365
52;26;792
194;26;175
119;26;364
116;26;53
937;26;439
158;26;9902
1015;27;9951
83;27;9929
1094;27;16
100;27;129
116;27;177
185;27;9938
185;27;9937
37;28;40
644;28;390
1089;28;179
71;28;471
95;28;9925
152;28;9897
5;29;9911
32;29;9950
826;29;9950
33;29;361
925;29;37
1021;30;9891
85;30;384
32;30;82
945;30;362
274;30;296
52;30;331
114;30;148
117;30;226
281;30;394
935;30;399
85;31;9891
32;31;9952
827;31;445
53;31;435
100;31;117
281;31;351
639;32;9810
243;32;28
1095;32;9925
1077;32;9963
94;32;9997
301;32;9749
914;32;792
7;33;9804
177;33;338
28;33;318
239;33;312
95;33;9931
168;33;8
34;33;250
39;33;1242
937;33;1154
9;34;452
1098;34;9918
87;34;400
15;34;566
52;34;16
100;34;119
1089;35;423
32;35;9954
1095;35;257
22;35;9839
1081;35;121
69;35;305
281;35;324
162;35;9968
150;35;9838
1024;36;9964
82;36;435
32;36;160
4;36;200
4;36;254
194;36;459
23;36;266
1174;36;213
827;36;9994
1077;36;315
1029;36;22
190;36;620
155;36;1346
155;36;9923
15;36;452
638;37;9976
168;37;9856
160;37;9996
112;37;9945
860;37;1449
14;37;9985
1185;38;9953
1094;38;66
1095;38;9894
1166;38;1083
1174;38;116
1030;38;9855
190;38;383
274;38;347
274;38;162
155;38;1644
80;38;290
274;38;83
941;38;401
916;38;108
1188;39;9968
32;39;388
28;39;52
1039;39;9936
235;39;306
194;39;245
301;40;9844
641;41;275
94;41;9996
9;42;9967
1188;42;15
1188;42;31
240;42;94
95;42;9903
185;42;739
926;43;9867
35;44;64
1095;44;9926
117;44;9922
274;44;230
35;45;245
1094;45;38
824;45;9923
49;45;215
109;45;137
156;45;9889
8;46;9872
100;46;152
146;46;9996
190;46;373
151;46;8
941;46;444
1094;48;9983
1149;48;9869
12;49;9894
1040;49;9819
95;49;311
75;50;9990
1174;50;9970
119;50;353
1177;51;410
49;51;20
49;51;9928
88;51;456
81;51;72
21;51;579
35;52;280
638;52;14
1102;52;420
85;52;9899
1150;52;1080
67;52;9989
5;53;169
15;53;9786
1095;53;74
825;53;9874
164;53;450
935;53;44
35;54;326
1026;54;9860
1083;54;471
177;54;9939
154;54;501
1177;55;9951
194;55;588
94;55;244
883;55;59
921;55;651
281;56;171
243;57;126
23;57;9758
883;57;9927
154;57;9955
46;58;214
12;58;114
213;58;223
114;58;9996
860;58;1362
274;58;294
916;58;9984
281;59;179
1068;60;138
925;60;1163
15;60;9848
1177;61;9998
830;61;9897
100;61;497
109;61;100
156;61;9950
914;61;187
640;62;370
11;62;397
204;62;123
32;62;340
194;62;43
194;62;9999
925;62;61
42;63;31
1177;63;154
1174;63;493
1030;63;9843
1040;63;9814
194;63;1527
168;63;552
922;63;555
45;64;1187
637;64;9991
1003;64;148
84;64;9858
85;64;491
1073;64;9913
72;64;502
52;64;833
95;64;678
274;64;76
35;65;293
637;65;459
194;65;493
74;65;250
1055;65;9941
67;65;64
152;65;292
930;65;321
914;65;863
1188;66;357
644;66;9795
11;66;944
1089;66;9976
185;66;694
78;66;73
36;66;318
14;67;9847
14;67;228
1089;67;9973
22;67;501
1070;67;1105
1040;67;407
68;67;1507
67;67;9976
74;67;9907
100;67;514
97;67;9967
64;67;484
56;67;243
921;67;118
640;68;56
23;68;9851
194;68;445
70;68;555
1057;68;9946
44;69;748
1094;69;424
243;69;475
69;69;9986
76;69;355
1040;69;9835
1040;69;153
49;69;201
146;69;384
934;69;260
925;69;1404
935;69;552
925;69;15
7;70;9806
185;70;9926
243;71;9894
108;71;9965
66;71;375
36;72;9935
640;72;36
4;72;9930
274;72;32
1173;72;9948
57;72;976
274;73;56
95;73;331
177;73;513
914;73;256
914;73;828
832;74;9756
74;74;565
95;74;686
15;74;9857
46;75;937
31;75;352
243;75;9893
49;75;334
185;75;9927
36;75;9894
11;77;912
1095;77;9922
1159;77;2
95;77;9904
274;77;122
640;78;388
146;78;409
98;78;212
77;80;9994
1098;80;9902
1084;80;321
274;80;66
1166;80;1165
1077;80;9966
116;80;87
860;80;9868
925;80;656
156;80;9947
14;80;9987
68;81;1380
93;81;17
66;81;9878
274;81;301
33;81;132
37;82;275
22;82;280
1171;82;83
97;82;225
194;82;170
160;82;243
117;82;189
155;82;0
1181;83;340
32;83;547
243;83;416
194;83;251
161;83;110
639;84;273
162;84;9971
117;84;200
281;84;187
33;84;590
930;84;448
158;84;9905
35;85;60
640;85;13
1187;85;9977
23;85;9754
154;85;424
32;86;242
98;86;49
37;86;246
45;87;1084
11;87;331
1095;87;230
48;87;1156
29;88;9871
18;88;9969
1162;88;241
119;88;275
1149;89;9974
274;89;384
98;89;367
78;89;325
213;90;589
23;90;1054
1152;90;830
827;90;9991
1031;90;59
95;90;320
97;90;9896
116;90;110
6;91;710
84;91;1594
37;92;291
644;92;9793
40;92;859
23;93;518
1065;93;406
95;93;368
40;93;634
10;93;9899
922;93;258
38;94;691
85;94;414
15;94;1083
23;94;9760
826;94;370
75;94;281
235;94;745
97;94;418
194;94;37
190;94;9979
81;94;837
1188;95;9996
639;95;465
14;95;9855
83;95;9935
1057;95;9828
69;95;1173
94;95;66
281;95;262
80;95;9989
76;95;696
166;95;48
1188;96;9981
12;96;9895
1098;96;9910
83;96;1052
1040;96;364
49;96;9920
48;96;9930
860;96;1491
935;96;570
1176;97;9755
1188;97;562
11;97;878
49;97;410
274;97;233
194;98;388
1167;98;199
74;98;590
156;98;317
37;98;545
154;98;15
1176;99;405
1188;99;9994
1098;99;636
1035;99;544
194;99;411
194;99;529
1136;99;89
1073;99;9916
146;99;9988
150;99;300
301;99;721
96;99;9945
640;100;379
1094;100;443
74;100;9905
11;101;844
825;101;9872
1080;102;689
82;102;9921
1183;103;177
1057;103;1008
75;103;536
235;103;335
177;104;9995
166;104;9844
15;106;9789
67;107;9997
23;109;9755
96;109;34
100;110;474
116;110;91
37;110;273
935;110;518
935;110;199
1098;111;205
29;111;145
243;111;145
1030;111;335
100;111;140
194;111;32
640;112;9907
36;112;138
155;112;1277
826;113;422
168;113;9863
38;114;520
274;114;9915
1065;114;259
36;114;423
929;114;7
1098;115;112
1095;115;9911
827;115;9995
67;115;1391
935;115;433
914;115;220
35;116;55
93;117;231
39;117;338
1150;118;99985
235;118;356
1188;119;9978
1176;119;383
274;119;321
826;119;9962
1057;119;494
12;119;9953
1186;120;54
1098;120;829
95;120;451
96;120;9946
925;120;384
1175;121;9954
68;121;1211
52;121;9895
1028;121;541
281;121;80
156;121;359
1095;122;157
150;122;9839
1184;123;9972
23;123;478
23;123;9761
637;124;9785
31;124;9998
213;124;327
23;124;9756
69;124;9969
94;124;496
194;124;200
7;125;9809
6;125;658
98;125;408
243;125;9948
281;125;95
81;125;9978
81;125;845
5;126;408
640;126;19
827;126;9989
55;126;9993
190;126;260
81;126;893
44;127;765
644;127;423
85;127;186
85;127;348
1094;127;9977
825;127;322
1077;127;1305
236;127;79
151;127;44
164;127;174
941;127;87
154;127;9928
18;127;91
82;128;61
78;128;462
1098;128;620
1098;128;9911
85;128;9897
1098;128;540
243;128;556
1174;128;147
1030;128;314
1030;128;9842
81;128;9976
926;128;178
1089;129;9969
85;129;403
22;129;135
274;129;109
72;129;467
39;129;1117
152;129;9861
80;131;1072
45;131;9960
1188;131;9979
23;132;336
80;133;9964
45;133;9955
74;133;9909
639;134;9841
15;134;543
66;134;9881
78;134;9987
95;135;9926
190;136;275
640;138;45
117;138;27
603;138;181
1102;139;118
80;139;9995
640;140;418
1016;140;9727
74;140;260
72;140;144
36;140;372
18;140;252
10;140;9902
44;141;992
1188;141;295
1040;141;9817
281;141;119
79;141;67
937;141;300
928;141;396
38;142;9898
640;142;9908
640;142;27
94;142;9949
883;142;355
1187;143;584
860;143;1196
638;144;9977
1095;144;9910
274;144;351
1055;144;9942
49;144;9911
109;144;121
168;144;9858
1031;145;1313
53;145;470
926;145;9864
152;145;9895
15;145;9845
116;146;69
33;146;297
914;146;9984
1062;147;9916
29;148;202
1055;148;958
168;148;9857
75;149;634
1098;149;288
33;149;12
914;149;725
75;150;859
274;150;341
158;150;144
1098;151;9907
48;151;9933
934;151;241
85;152;9877
116;152;99
934;152;387
45;153;1202
1188;153;9995
639;153;41
1021;153;191
85;153;394
22;153;662
185;153;9928
1175;154;9951
274;154;373
152;154;711
921;154;281
82;155;402
1188;155;9976
1175;155;323
45;156;1017
1188;156;9977
1150;156;99986
281;156;176
155;156;9928
1180;157;520
32;157;9939
825;157;9868
1150;157;99988
74;157;504
53;157;61
237;157;327
76;157;719
21;157;9803
921;157;670
37;158;266
49;158;166
237;158;129
97;158;9921
934;158;573
640;159;9912
25;159;248
66;159;489
281;159;149
14;159;9984
914;159;292
1093;160;9975
15;161;9787
25;161;9887
155;163;9929
9;164;241
22;164;9764
37;164;280
204;165;192
74;165;9918
117;165;29
94;165;87
1055;166;9823
95;166;548
109;166;141
919;166;192
644;167;937
1095;167;244
116;167;45
1078;168;9852
1039;168;9943
1183;169;9892
32;169;517
23;170;9759
1166;170;1422
117;170;9998
85;171;238
1067;171;98
1030;171;102
235;171;320
36;171;9891
935;171;181
641;172;35
85;172;99
97;172;9928
914;172;9985
1098;173;398
53;173;604
185;173;133
45;174;1045
71;174;9943
4;174;9924
930;174;172
1089;175;9971
1031;175;9924
53;175;123
36;175;9893
14;175;9988
922;175;230
95;176;183
119;176;375
301;177;9843
45;178;9958
34;178;951
146;178;51
213;178;9997
1077;179;680
101;179;367
97;180;581
1184;181;267
166;181;281
1187;182;279
25;182;728
1159;182;9998
74;182;9908
1040;182;9821
49;182;300
925;182;674
1030;183;9841
928;183;141
640;184;355
11;184;9841
1089;184;371
1063;184;9977
1039;184;9938
243;184;91
1150;185;99984
1030;185;9846
114;185;334
156;185;331
82;186;123
45;186;1031
1184;186;520
25;186;9816
1153;186;467
826;186;116
94;186;9884
883;186;903
37;187;580
1177;187;389
84;187;9857
1089;187;144
825;187;285
100;187;485
185;187;9925
926;187;9869
14;187;421
75;188;653
35;188;210
1003;188;9938
945;188;179
194;188;385
1078;188;437
49;188;9910
117;188;9914
43;189;234
274;189;9914
827;189;394
1150;189;99987
1150;189;-1
97;189;47
274;191;246
31;191;230
68;191;9973
117;191;220
117;192;465
32;193;9948
185;194;76
1059;195;9973
95;195;376
32;196;9956
237;196;151
117;196;448
1098;197;9917
108;197;458
79;197;82
1030;199;9845
94;199;9995
190;199;62
83;200;9928
235;200;677
117;200;458
84;201;385
1095;201;9923
1173;201;9946
48;201;1078
97;201;73
114;201;108
935;201;163
32;202;9947
95;202;14
101;202;19
5;203;9912
9;203;669
32;204;9955
1166;204;9845
1039;204;9937
69;204;110
33;204;9898
168;205;206
1094;206;352
94;206;36
37;206;594
1162;207;249
95;207;539
274;207;378
929;207;394
1186;208;357
32;208;9960
75;208;286
274;208;130
36;208;9900
76;209;939
168;209;660
95;210;25
88;211;167
9;212;421
43;213;473
974;213;173
1174;213;9946
1068;213;9767
80;213;77
929;213;382
45;214;1074
82;214;93
640;214;9911
11;214;9842
1094;214;115
19;214;9852
243;214;347
185;214;97
1188;215;9969
1022;215;9894
29;215;410
25;215;196
98;215;29
97;215;500
37;216;589
1027;216;116
1188;216;9993
1080;216;711
74;216;377
194;216;1530
1175;217;9959
1188;217;621
108;217;9945
66;217;198
35;218;271
1095;218;9924
826;218;9958
235;218;735
56;218;9997
39;218;719
937;218;254
930;218;239
914;218;9982
243;219;165
1150;219;1420
69;219;325
18;219;466
14;220;9850
36;220;9890
85;222;9884
1040;222;9813
1031;222;1179
52;222;9930
908;222;9993
93;224;251
644;226;9794
68;226;9972
117;226;9
117;226;9988
190;226;319
154;226;236
1175;227;129
1188;227;9982
14;227;9851
1175;229;9957
101;229;9995
1176;230;9756
1177;230;309
161;230;286
93;230;284
156;230;9783
916;230;9977
108;231;521
1188;232;630
23;232;9757
190;232;56
117;232;211
274;232;258
82;232;35
39;232;325
1188;233;40
1031;233;65
93;233;242
639;234;9805
85;234;9894
64;234;199
644;235;905
274;236;9907
36;236;9885
35;237;206
826;237;443
15;237;9858
112;238;9940
108;238;9980
930;238;537
94;240;362
934;240;630
1030;241;9844
1057;241;992
48;242;46
37;242;576
49;243;9908
1175;244;358
274;244;9912
35;245;301
640;245;353
85;245;157
25;245;9927
31;245;582
274;245;308
64;245;9856
34;245;182
1180;246;236
1171;246;365
235;246;695
57;246;1008
44;247;625
640;247;393
1186;247;15
177;247;490
6;248;9827
643;248;288
1187;248;9980
74;248;419
159;248;9856
37;249;595
1183;249;9893
1095;249;9916
1030;249;9847
74;249;199
926;249;207
194;251;503
64;251;184
1176;252;9754
827;253;9990
1188;256;9966
1188;257;286
1177;258;9953
908;258;520
97;259;9924
1187;260;9976
1065;260;145
75;260;291
39;260;9988
75;261;876
640;261;9909
274;261;0
641;262;284
85;262;563
33;263;209
639;263;9839
69;263;1139
117;263;24
301;263;9847
37;263;586
934;263;184
1159;264;246
1159;264;9997
1082;265;293
1162;266;40
31;266;519
95;266;9934
301;266;9846
68;267;9971
1040;267;9820
55;267;691
64;267;499
36;267;9896
1057;268;9940
74;268;514
85;270;9895
1175;271;434
25;271;676
243;271;135
33;271;39
85;272;553
1002;273;9802
101;273;358
1136;274;361
49;274;9923
190;274;589
96;274;430
57;274;889
883;276;9796
928;276;439
156;276;118
75;277;600
81;277;9977
1039;278;9939
69;278;190
95;278;9918
1175;279;9960
85;279;248
108;280;9963
274;281;44
190;281;35
1174;283;9968
95;283;469
18;284;9937
826;285;9956
274;286;9911
243;288;9897
146;288;192
36;290;348
19;292;9851
75;292;9979
49;292;249
929;292;9995
190;293;572
194;293;195
57;293;754
168;293;9862
930;293;503
35;294;117
274;294;9908
71;294;223
81;294;829
1188;295;227
108;296;9979
934;296;555
640;298;9910
94;298;518
37;299;281
46;299;1122
32;299;262
32;300;557
84;301;53
194;302;9998
96;302;9927
37;303;600
49;303;9915
117;303;9915
930;304;205
46;305;9984
79;305;230
82;306;155
243;306;9947
36;306;206
1184;307;9969
1094;307;9981
56;307;125
36;307;9889
75;308;982
1181;308;291
36;308;336
45;309;9959
67;309;9888
1015;311;9949
1081;311;9973
79;311;87
74;312;574
177;312;9940
190;312;606
93;312;96
974;314;9888
117;315;9916
1082;316;246
243;316;243
1082;317;9974
32;319;212
117;319;9995
926;319;373
158;319;285
93;321;88
66;321;9879
36;321;176
1070;322;1442
68;322;1181
239;323;126
931;323;9986
1015;324;9989
9;325;9966
240;325;430
146;325;222
108;326;482
32;327;567
50;328;254
168;328;240
79;328;168
35;329;240
23;329;9852
883;329;544
1081;331;0
108;332;135
96;332;9943
75;333;9980
94;334;9994
1065;335;191
50;335;248
98;335;377
34;336;9939
1175;336;155
640;337;65
95;337;9935
36;337;57
1094;338;9984
50;338;241
67;338;9935
9;339;9968
1188;339;571
1188;339;638
29;339;170
1174;339;9969
70;339;374
119;339;123
85;343;9892
883;344;9795
639;345;9807
85;345;372
74;346;267
100;346;492
35;350;82
1102;350;9873
95;350;96
640;351;408
25;351;9817
114;353;383
95;354;104
117;355;9989
641;357;44
1136;357;74
98;357;9994
78;359;9921
32;359;252
52;359;9892
974;362;9887
100;362;108
825;363;9873
236;363;307
56;363;9990
82;363;9924
79;363;75
926;363;468
1175;364;277
84;364;368
281;364;313
922;364;528
43;365;187
640;365;399
29;365;459
117;365;9990
65;365;454
37;366;286
1184;366;9970
1040;366;9812
9;367;190
84;367;350
1175;368;409
14;368;9852
1020;368;440
56;368;149
37;368;560
93;369;80
108;369;231
157;369;615
9;370;9971
1020;370;9819
1098;370;9916
76;372;759
49;373;9914
1188;374;9973
860;374;1536
93;378;322
640;380;344
1062;380;254
108;381;431
1102;382;9870
85;383;9878
168;383;620
166;383;9847
36;384;21
25;385;9812
1098;385;738
1070;385;9907
75;385;191
1181;386;580
162;386;9994
21;388;9899
240;389;153
25;390;9813
97;392;60
97;393;405
42;394;40
640;394;74
74;396;275
53;396;9990
9;397;721
1188;397;310
1079;397;9962
50;397;520
56;397;405
1175;398;534
1102;399;253
825;399;9869
33;399;9897
9;404;9969
641;408;9990
112;408;9941
108;410;81
235;411;724
167;412;9939
931;412;502
158;412;627
929;413;19
97;417;9922
1188;418;238
860;418;9867
36;418;361
93;419;50
28;420;371
71;420;81
1166;421;1124
74;421;9911
69;423;614
1185;424;375
1186;424;9971
95;424;9928
108;424;209
281;424;242
1031;425;1277
75;426;222
100;426;503
243;427;184
926;427;9862
640;428;9937
37;428;261
82;429;373
32;429;9942
156;429;345
37;430;285
93;432;66
236;434;261
167;434;67
32;435;9938
48;437;9926
108;437;377
117;437;427
146;437;453
32;440;9937
95;443;461
32;444;170
57;445;647
66;447;9882
154;447;53
274;448;86
154;448;521
916;448;516
95;449;9927
156;449;104
168;450;278
1150;451;9838
117;451;12
46;452;198
108;452;505
36;453;491
1166;454;1505
112;454;410
1186;455;330
168;456;585
56;456;493
71;457;335
74;457;344
1171;458;184
860;459;1293
1016;460;65
1065;460;453
185;460;9932
154;460;181
117;461;9994
39;462;1085
1188;464;582
49;464;9930
28;466;9894
28;467;78
213;467;207
108;469;371
108;469;383
31;470;262
70;471;179
928;471;120
194;472;0
64;472;9858
37;472;498
33;474;263
75;476;960
93;476;276
274;476;247
108;477;93
32;478;577
88;478;183
928;479;162
825;480;9875
39;480;9977
934;480;537
1186;481;280
108;481;87
157;481;305
44;482;867
157;482;273
274;483;9913
1063;483;486
38;484;161
194;484;438
641;485;49
1188;485;9967
1188;485;646
85;485;196
1035;485;275
235;485;346
158;485;522
1188;486;9972
93;486;314
88;486;383
1031;487;1224
117;487;9918
1175;488;103
146;488;482
1098;489;9906
1035;491;9866
154;498;9954
48;500;360
81;501;60
1175;502;264
167;502;447
85;503;9887
50;503;513
97;503;9923
1095;504;9909
95;504;192
158;504;9900
97;505;235
32;506;9936
36;507;453
85;509;9893
32;509;365
94;509;9887
1094;510;405
93;510;58
93;511;72
1188;512;303
69;512;428
240;512;463
934;513;148
9;514;618
29;514;186
1150;514;99983
155;514;1313
930;514;470
1188;515;9964
49;515;9924
32;516;9973
94;516;474
85;517;69
45;518;43
67;518;471
928;519;418
157;521;173
154;523;443
243;527;9896
238;530;9991
79;530;124
97;532;391
639;533;203
94;533;9890
274;533;355
185;534;9930
274;535;361
74;535;9917
95;535;9917
1187;536;9978
108;537;74
1167;539;9940
213;540;9986
931;540;535
29;542;9980
157;544;9962
164;544;241
31;545;552
108;545;9973
1167;546;490
43;547;532
71;547;521
93;547;306
157;547;579
45;548;51
274;548;9909
156;550;9948
9;551;9970
637;551;763
1188;556;9965
36;557;9897
108;558;38
49;560;9874
643;560;96
97;562;9975
98;563;39
168;563;9861
1098;564;314
70;565;9797
49;566;126
43;567;486
108;568;9972
75;569;605
93;570;292
194;571;435
97;572;231
1188;573;660
34;573;512
301;574;9750
164;575;539
1188;577;652
1188;577;318
146;577;9991
74;579;582
194;580;500
929;587;409
108;588;9971
243;589;9895
274;589;9999
1162;590;24
88;592;138
1175;593;9956
1094;593;539
916;593;205
43;597;516
641;599;293
146;600;119
75;602;295
108;604;67
185;605;363
82;605;9878
75;606;739
164;606;266
243;607;454
75;607;520
9;608;9972
1027;608;1589
57;608;767
931;608;237
164;609;9970
76;612;373
916;612;9982
1065;614;198
35;615;306
112;618;37
85;620;511
94;621;511
74;621;99999
108;622;363
190;625;404
1136;627;346
1065;628;474
1150;630;1162
94;631;44
32;632;485
1185;634;9952
85;634;45
826;634;9957
97;635;9970
64;637;1324
64;638;9857
108;639;9974
64;644;1594
639;645;231
75;650;206
35;651;310
1188;651;656
42;653;641
640;655;9905
1094;655;252
1186;657;9972
36;662;45
94;663;9989
108;663;9957
79;664;92
34;666;9988
76;667;59
57;667;997
154;669;9957
168;671;9860
109;674;125
637;675;9787
74;676;209
43;677;202
28;681;9897
955;681;9702
97;682;472
82;682;60
52;683;28
35;685;121
68;689;9975
1166;691;1256
164;691;282
33;696;9894
1174;697;324
243;697;368
164;698;562
95;699;387
38;703;9902
1188;703;314
281;705;127
97;706;9966
43;707;218
112;708;9944
281;709;252
1153;712;9977
1031;714;1519
36;714;32
1021;716;66
35;718;125
1065;718;460
35;721;25
1188;723;9963
1152;723;846
1180;724;497
146;724;9993
95;725;35
1062;727;9889
274;727;137
1021;728;9889
185;731;23
1188;734;9971
1093;738;409
1186;739;587
1175;742;9958
1152;742;9971
82;744;47
154;750;254
94;752;9993
69;754;9987
75;755;717
82;755;351
158;757;555
85;758;9896
1031;758;9926
93;758;299
69;759;135
31;760;56
79;760;97
70;764;9969
74;764;524
1186;766;9966
82;768;363
196;770;9996
37;770;599
75;771;575
114;772;357
185;774;87
643;776;307
1094;779;9976
70;780;617
160;780;20
1065;781;205
243;781;210
75;782;505
1150;784;9837
185;784;352
31;786;370
1070;787;9910
117;789;179
1185;800;169
85;800;9898
274;803;256
108;806;334
146;809;9990
46;811;9939
1065;812;212
1012;813;900
157;813;9927
1012;816;9925
1166;816;9844
94;817;9893
97;829;200
860;829;1242
55;830;935
76;832;9984
40;833;1594
929;833;38
155;834;9924
1188;839;591
1098;839;497
1174;839;9965
36;839;9898
52;843;343
48;844;379
117;844;15
114;844;342
79;846;130
1188;847;247
57;847;734
52;849;367
56;849;9991
70;853;743
71;857;9944
71;859;207
74;863;-1
45;864;9996
1167;864;836
68;866;1278
82;868;9923
76;870;390
85;877;9882
67;877;182
1152;879;9972
97;880;9972
70;882;9792
114;884;158
1188;891;256
93;891;25
85;892;206
68;892;9978
1171;899;9892
94;900;207
1152;905;894
43;906;501
67;907;454
154;909;9956
185;917;9936
185;920;9931
94;921;340
79;921;176
1180;927;213
98;931;387
43;935;172
31;935;9966
1162;935;274
1012;937;884
1149;938;260
52;946;9929
1167;950;-1
94;950;184
1188;952;9970
158;956;177
39;956;732
243;957;529
36;958;9899
38;960;907
1185;963;396
168;966;9859
1098;968;585
1166;969;9846
860;969;9863
33;969;412
158;974;9901
108;979;9962
1152;980;886
71;980;239
112;981;382
68;982;1227
243;982;113
274;982;363
117;985;9993
94;987;503
1065;988;467
643;990;9774
1185;993;9951
32;993;9959
639;996;494
114;1008;304
36;1015;147
32;1018;38
70;1020;9861
94;1025;480
48;1027;64
108;1033;141
85;1034;521
156;1042;9886
68;1047;9976
1082;1050;394
44;1054;644
49;1071;352
108;1072;45
158;1072;9904
194;1074;6
860;1074;9866
52;1076;9928
108;1076;9978
44;1080;885
57;1085;953
94;1086;9992
31;1088;388
52;1089;40
274;1092;266
82;1093;9922
243;1095;9946
274;1097;205
114;1105;26
57;1116;666
71;1117;537
860;1117;9865
860;1118;1587
67;1119;198
78;1124;9924
49;1133;9918
119;1136;159
38;1137;851
39;1141;9980
74;1144;99996
108;1149;341
36;1149;9888
84;1161;215
46;1164;206
31;1165;74
12;1166;9943
74;1175;99997
1162;1186;257
21;1190;0
76;1192;76
1171;1197;9889
1093;1200;155
1152;1207;838
643;1223;9773
72;1223;9882
1063;1231;9960
79;1232;183
1098;1235;9914
79;1241;136
38;1247;9933
32;1265;9945
36;1278;9884
929;1283;55
29;1289;289
108;1289;437
1185;1295;9950
1162;1296;265
108;1298;9977
96;1314;0
84;1319;530
929;1323;427
1098;1324;602
1012;1326;892
97;1326;546
1093;1327;208
237;1336;9987
1012;1338;9927
1067;1345;9967
74;1355;9916
114;1355;115
38;1357;859
1152;1359;9973
114;1371;130
974;1375;9884
860;1375;1322
32;1384;353
74;1388;99995
94;1410;72
1098;1414;9913
85;1417;9886
119;1420;294
1098;1421;170
38;1422;867
1149;1432;1152
155;1432;1179
1012;1440;836
109;1442;129
112;1461;50
97;1470;245
42;1478;605
98;1478;150
38;1482;9932
36;1492;9881
155;1494;9927
93;1512;259
114;1520;393
929;1520;444
74;1521;219
42;1523;658
36;1523;217
56;1526;9993
1057;1528;9942
52;1549;368
36;1565;462
85;1572;9881
94;1582;0
32;1589;179
48;1594;9976
1012;1599;844
1021;1600;384
37;1616;145
108;1621;168
1149;1624;9868
154;1630;9923
14;1642;-1
1166;1650;1549
79;1672;192
274;1677;146
974;1680;9885
37;1683;459
37;1687;222
85;1693;217
112;1704;396
108;1708;147
1012;1718;9926
37;1721;536
71;1725;553
52;1726;9927
38;1727;9931
146;1736;139
36;1752;186
109;1754;133
1162;1755;49
97;1769;9974
97;1769;171
38;1778;915
108;1779;54
1136;1790;99998
1136;1790;-1
177;1794;9938
114;1798;364
185;1805;301
108;1813;9961
1093;1821;462
1098;1833;764
84;1836;263
97;1838;560
108;1843;350
860;1848;9864
243;1858;9943
1098;1867;9905
1136;1869;99999
36;1869;531
243;1872;9945
78;1873;351
114;1876;316
36;1879;501
57;1884;687
84;1893;561
1166;1907;9843
108;1914;9976
14;1917;9853
85;1929;531
70;1940;260
52;1948;9926
70;1958;9795
84;1959;231
108;1970;464
114;1971;9981
1149;1972;1491
35;1986;314
114;2011;39
44;2019;662
74;2024;534
70;2031;710
32;2036;9944
154;2059;9953
70;2139;307
114;2139;9982
239;2157;9977
78;2161;9923
70;2161;578
177;2164;9942
70;2189;661
185;2279;52
185;2288;9934
108;2300;9956
185;2310;314
85;2312;9880
37;2348;512
79;2357;200
112;2361;64
1081;2387;9914
35;2397;21
29;2409;600
1162;2435;31
84;2458;546
112;2472;9942
185;2483;37
185;2487;9935
84;2512;247
1039;2533;11
36;2534;9880
11;2540;9845
1093;2558;9969
36;2566;227
39;2647;9990
1004;2649;619
44;2653;682
70;2672;9794
240;2693;9972
36;2903;542
36;3036;9879
94;3104;51
919;3156;451
280;3718;516
392;3771;9869
37;3778;155
301;4516;9751
37;4545;470
974;5722;9868
79;5992;154
98;8786;404
1177;9750;246
83;10161;9840
28;12023;9840
43;29662;9895
